date,year,month,snowmelt_sum,runoff_sum,surface_runoff_sum,sub_surface_runoff_sum,total_evaporation_sum,snow_depth_water_equivalent
2000-01,2000,1,0.027731690990979812,0.007904529774470042,0.005835075235038382,0.0020694522766314814,-0.012456266727583208,0.040294768306884596
2000-02,2000,2,0.04492954429731068,0.00894669742573747,0.0062244260837389645,0.002722269400438168,-0.020810157082576265,0.09038778990474518
2000-03,2000,3,0.06008197274230759,0.023671880535980176,0.015011222610592146,0.008660658258716897,-0.043178067320917744,0.07096229943269307
2000-04,2000,4,0.05438299190425712,0.03438128321419966,0.01608879107891587,0.01829248636628306,-0.07819693821716404,0.01860429657051021
2000-05,2000,5,4.1356662189238257E-4,0.01646462068814215,7.322377400404283E-4,0.015732362303638378,-0.09362581352209828,2.7213352882948497E-5
2000-06,2000,6,1.7331970508787554E-9,0.007456124726230542,1.81024653615055E-5,0.007437981110047168,-0.059855261098298806,-7.345364920210326E-25
2000-07,2000,7,3.5799403091135824E-9,0.003976521981866471,2.570643936562877E-5,0.003950783759572787,-0.04446710204778436,-7.345364920210326E-25
2000-08,2000,8,2.0932346873080365E-9,0.002245828391083409,6.617250844527518E-6,0.0022391693974496045,-0.029673492726882873,-7.345364920210326E-25
2000-09,2000,9,7.051421992638605E-10,0.001487670508346055,7.460709907141387E-5,0.0014130275792221853,-0.02002372287646412,-7.345364920210326E-25
2000-10,2000,10,3.071940920340039E-5,0.0015373576742716982,4.4888101852673244E-4,0.001088453221624307,-0.024292907401341098,1.5658791952416197E-6
2000-11,2000,11,0.0019798162901901077,0.002641709459724068,0.001774311182351132,8.673788272780875E-4,-0.018589003001151013,3.274148913449334E-4
2000-12,2000,12,0.017825718482405273,0.00792303412663461,0.006051982371745659,0.001871041183536754,-0.017885402210735896,0.0108623421689626
2001-01,2001,1,0.024024878100316227,0.0029306994303691563,0.001981005905263182,9.496851011271271E-4,-0.018174243833067916,0.0232867161345716
2001-02,2001,2,0.04745389767469859,0.011515209998081333,0.008080652634977748,0.003434563210120591,-0.02208538307985649,0.03369020648041267
2001-03,2001,3,0.05016558868358172,0.035879981593027785,0.021041056279279092,0.014838914019313592,-0.056603459006109885,0.022551641380057393
2001-04,2001,4,0.004688623916602967,0.02444688615058682,0.005755946032007967,0.018690929018996112,-0.08767291386384214,5.377732639277594E-4
2001-05,2001,5,1.4275202244683384E-5,0.01890120467900533,0.003983805365590039,0.014917392289709548,-0.0989945571847855,3.9280533087976435E-7
2001-06,2001,6,1.4198096442507107E-9,0.008870603826797089,8.494757932771431E-6,0.008862068206749594,-0.07075198086067924,-7.345364920210326E-25
2001-07,2001,7,5.895722025993975E-9,0.005098000791057161,6.150141647337627E-5,0.005036463141585866,-0.049190999065993474,-7.345364920210326E-25
2001-08,2001,8,2.7155617377476157E-9,0.0029188730839801854,9.515955937822403E-6,0.0029093242862635207,-0.033682247084021365,-7.345364920210326E-25
2001-09,2001,9,1.284534727503645E-9,0.0018541361659186553,2.987825093197853E-5,0.0018242310295259515,-0.02093705459817494,-7.345364920210326E-25
2001-10,2001,10,1.3538223323635599E-5,0.001670129004585872,3.000577292501584E-4,0.001370049635472068,-0.02136716725385892,7.49876930579523E-7
2001-11,2001,11,0.010983876179064697,0.002049126914676616,9.786388482040415E-4,0.0010704780818758986,-0.019397356961129906,0.005081544056123941
2001-12,2001,12,0.017176180242879636,0.0162320400394519,0.012624651740287596,0.003607393735001481,-0.018028442064930122,0.015016717733960955
2002-01,2002,1,0.029523420916303562,0.03051999744992428,0.016567833905071612,0.013952166184808015,-0.013098323959507115,0.04545567056711252
2002-02,2002,2,0.035871383450406504,0.03483787077612141,0.012284608411096406,0.022553256253978925,-0.02578137944952686,0.04675844200324807
2002-03,2002,3,0.03663784591622938,0.06955628867768829,0.02196555021837864,0.04759073689735442,-0.05391428340628371,0.034855329204828894
2002-04,2002,4,0.0305053588576601,0.15564122547675968,0.03586428415866711,0.11977694707006238,-0.07134891509320654,0.016368677372496553
2002-05,2002,5,0.003601119512043866,0.0648582932751156,0.0022540674867180454,0.06260421405561177,-0.10480244231904792,7.080554678815091E-4
2002-06,2002,6,3.2981740073027322E-9,0.02115851689716497,1.3092058330548615E-5,0.021145398619865256,-0.0688425000425897,-7.27919033709973E-25
2002-07,2002,7,5.83738898491558E-9,0.009741177516277235,1.2335485256867894E-5,0.009728798838630724,-0.05008813572490588,-7.27919033709973E-25
2002-08,2002,8,3.3459849328649507E-9,0.005037610083476417,6.732655394020321E-7,0.005036902243877652,-0.03587982345102344,-7.27919033709973E-25
2002-09,2002,9,9.107630889125615E-10,0.002961527122975716,4.0375324314118625E-6,0.0029574662426490755,-0.023527592746643178,-7.27919033709973E-25
2002-10,2002,10,2.7650578265869556E-9,0.0025036188727846458,3.73716387273552E-4,0.00212988229595071,-0.025081182939189983,-7.27919033709973E-25
2002-11,2002,11,6.121447582812626E-4,0.0026370275834109802,0.0010163697054541441,0.0016206390589986013,-0.026190216980360705,8.990391582650302E-5
2002-12,2002,12,0.020466320102048213,0.015862643037470956,0.010926924749525797,0.004935720560813657,-0.012811525470570309,0.0356788691053132
2003-01,2003,1,0.05013394210582032,0.017911767531801594,0.00938183467434309,0.008529933533442136,-0.014053247531068902,0.06908883916947307
2003-02,2003,2,0.04292261644490258,0.04968556337566317,0.012552740647857866,0.037132826987292894,-0.01796675800050935,0.0996673745761716
2003-03,2003,3,0.08320652272607015,0.1492627998034381,0.032718184909046225,0.11654462010502922,-0.03674371458005273,0.13249344594748866
2003-04,2003,4,0.10737487902349535,0.16428417133352233,0.03992114932348129,0.12436302652729092,-0.06707105096602874,0.06734557279561112
2003-05,2003,5,0.022523695855901527,0.07101722820233643,0.007627334321662345,0.0633898824852595,-0.10137206069297487,0.005137580666408958
2003-06,2003,6,3.649427281872818E-7,0.020377122224416008,1.0214548252629621E-4,0.02027494308965526,-0.07509274532668933,1.309572932897123E-8
2003-07,2003,7,7.3120498073808645E-9,0.009477667609024088,5.4456150107275505E-6,0.009472181438248723,-0.05015827488466184,-7.27919033709973E-25
2003-08,2003,8,4.703840757729508E-9,0.0049470639511211886,1.4231110896606156E-5,0.004932806073433087,-0.03755992704896848,-7.3024048077877215E-25
2003-09,2003,9,1.7874957091854386E-9,0.002924965371537098,8.681197905754883E-6,0.002916241583069159,-0.023086610458622214,-7.345364920210326E-25
2003-10,2003,10,4.4920322314524446E-5,0.00410117415549668,0.001980803056920224,0.0021203532006630744,-0.02394208658591975,5.525972655112658E-6
2003-11,2003,11,0.002085062632086883,0.014608554169227267,0.01157097132148444,0.0030375633703290084,-0.02928048800480261,2.292661786416614E-4
2003-12,2003,12,0.01967627487774774,0.027736236114269598,0.01869797558133417,0.009038261064227945,-0.017327066907775066,0.010133261307925873
2004-01,2004,1,0.042016444757480884,0.05989318108328861,0.019082606988519758,0.04081057812828912,-0.014563562776995137,0.04615328684478202
2004-02,2004,2,0.052946778969791566,0.10631591875322575,0.016364927740759542,0.08995098984258111,-0.019362293927827262,0.0783682049357368
2004-03,2004,3,0.07365745144496708,0.11407230409294963,0.019239783012540645,0.0948325173161926,-0.05442997305276178,0.05278483876721058
2004-04,2004,4,0.021791165176371516,0.08070306130411532,0.01821598512758381,0.06248707249642117,-0.07769909603286654,0.008529568585212933
2004-05,2004,5,0.001072442243184664,0.044917905995159324,0.008064542430553406,0.03685336151659194,-0.10605267531443205,1.3995983905268922E-4
2004-06,2004,6,4.736172373524901E-9,0.019653633903647764,2.1376194118763246E-5,0.019632232791111877,-0.08734282790856956,-7.27919033709973E-25
2004-07,2004,7,6.858932315357809E-9,0.010429780899882649,4.590416849465629E-5,0.010383855623639174,-0.0579868659911642,-7.306051525405375E-25
2004-08,2004,8,5.357658076631158E-9,0.005570892685084338,2.61871827094175E-6,0.005568247934317738,-0.040056569616511814,-7.345364920210326E-25
2004-09,2004,9,1.368164517784303E-9,0.0032853316875297847,1.8587782325054175E-6,0.003283438931366048,-0.02532027702957977,-7.345364920210326E-25
2004-10,2004,10,8.031063128897381E-10,0.0025371612739771812,1.854093409491892E-4,0.002351732469453637,-0.020838694221339597,-7.345364920210326E-25
2004-11,2004,11,0.00899571576817147,0.012158243529183885,0.009373482099728067,0.002784764938865678,-0.02635180767838978,0.004188039330966641
2004-12,2004,12,0.022122666027873328,0.003698349185978941,0.0017164053242244633,0.0019819446529001435,-0.014293128641493423,0.016013740534493285
2005-01,2005,1,0.03821094351220544,0.012782429529517766,0.007085967882656633,0.005696459385446976,-0.012785286876918612,0.04234065517803497
2005-02,2005,2,0.0620406066176875,0.0540133403906533,0.017720964888200335,0.036292375070395975,-0.015325471260016377,0.11487487746412961
2005-03,2005,3,0.08052405587030377,0.14473794811142163,0.0341126475556415,0.11062530266669354,-0.0453613124200785,0.059533610790635315
2005-04,2005,4,0.03581906467701083,0.08417937355077516,0.015995108094804367,0.06818425427652548,-0.08170568558493066,0.01426783067299451
2005-05,2005,5,9.083761138037866E-4,0.039570408328979116,0.004296542359595064,0.0352738585518227,-0.1008428092954426,8.51139552941807E-5
2005-06,2005,6,4.4614402650497695E-9,0.016167671200563293,3.7068806360325705E-5,0.016130575556466353,-0.06796449356200972,-7.345364920210326E-25
2005-07,2005,7,7.29911473733605E-9,0.00814709402617695,1.6259106572718757E-5,0.008130804706347075,-0.050941529741483235,-7.345364920210326E-25
2005-08,2005,8,6.6674888800796725E-9,0.004380390057122297,3.595038060840425E-5,0.004344417396325889,-0.03752543554273423,-7.345364920210326E-25
2005-09,2005,9,2.3487852435629382E-9,0.0026320455871080787,1.9878081882797135E-5,0.0026121362994807797,-0.02299336577952004,-7.345364920210326E-25
2005-10,2005,10,4.2370588726597863E-5,0.0021353669773631215,2.1318632413070757E-4,0.0019221596056315043,-0.02071160305076518,3.09680680776477E-6
2005-11,2005,11,0.0023128081713223686,0.0024157949856921336,9.382887567218618E-4,0.0014774822979246047,-0.021713640760453626,2.547401541210713E-4
2005-12,2005,12,0.008574084592953769,0.0055898489874032535,0.004024730062310338,0.0015650984872513654,-0.01837125201967192,0.007683793039058336
2006-01,2006,1,0.03776294103466089,0.01603777331434141,0.010286323567083795,0.005751455866258955,-0.012241826288372547,0.05107828789580777
2006-02,2006,2,0.048476611584528095,0.12823928286540467,0.061794850730434586,0.06644442727992711,-0.019209756607730125,0.09694025453028823
2006-03,2006,3,0.06847525687564726,0.08695763840456748,0.01696947472492381,0.06998816809327953,-0.05199873137648462,0.07018580877631375
2006-04,2006,4,0.04442484000793166,0.11196956285412203,0.030256193573572638,0.08171337011063293,-0.07771896189386013,0.01741102279559966
2006-05,2006,5,0.0011241760260197152,0.05139545305841554,0.005726782318106547,0.045668666724543026,-0.11302128586030052,1.2185556626273026E-4
2006-06,2006,6,2.8134259848588715E-9,0.021076827632174156,3.653932748234732E-5,0.02104025124891326,-0.08063776784689904,-7.345364920210326E-25
2006-07,2006,7,8.268958856300592E-9,0.010370383051416346,7.803820080471787E-6,0.010362548950125507,-0.053906841754966024,-7.345364920210326E-25
2006-08,2006,8,4.893851276837127E-9,0.005470099855733361,2.2092844136240313E-5,0.005447972893657996,-0.04061194123142493,-7.345364920210326E-25
2006-09,2006,9,1.2466337020600683E-9,0.0032080889491875944,6.749945604616685E-6,0.0032013046977664205,-0.0243956394605981,-7.345364920210326E-25
2006-10,2006,10,2.0291792924505995E-5,0.016430281570677108,0.012600422611932434,0.0038298517925129997,-0.0346591646702311,9.790881602926132E-7
2006-11,2006,11,0.0037492678317263828,0.021220191422867,0.01481212108501454,0.006408056775609945,-0.031439849638814424,6.007192412464894E-4
2006-12,2006,12,0.004179462432897503,0.0047312934836774645,8.694777584986097E-4,0.0038618176680085144,-0.01601622517461795,0.006175982177727975
2007-01,2007,1,0.03593552870646513,0.008035972450054807,0.0029840241965850777,0.005051946986026748,-0.01163362442535455,0.04922485908934807
2007-02,2007,2,0.05770782285765397,0.043970042899809915,0.016165362853353227,0.027804681598696524,-0.019441394396629758,0.07994083915325387
2007-03,2007,3,0.060376140056159044,0.07157221439160723,0.017820695850809906,0.05375151637699196,-0.04503915973935355,0.03933764332663592
2007-04,2007,4,0.03244852928926524,0.12970789309015757,0.027430676126375113,0.10227721020570242,-0.0700053075572294,0.016734362813125885
2007-05,2007,5,0.0067485775316479864,0.06680359969105336,0.0039594147943846116,0.06284417729136353,-0.10693920313710431,9.981762913633095E-4
2007-06,2007,6,5.838856686051857E-9,0.022688203996619978,8.019719943842719E-5,0.022607977928547858,-0.0789845769669327,-7.345364920210326E-25
2007-07,2007,7,1.096893266542052E-8,0.010733872981032504,1.1254294606736135E-4,0.01062130653879532,-0.054569513842925674,-7.345364920210326E-25
2007-08,2007,8,6.459158353807208E-9,0.0056503656436016885,9.73089344921737E-5,0.005553024539439056,-0.041011868145023854,-7.345364920210326E-25
2007-09,2007,9,9.606561751999257E-10,0.003248405237242388,3.895410778631685E-6,0.0032444755348259914,-0.025774923944471173,-7.345364920210326E-25
2007-10,2007,10,8.125669986139398E-7,0.0024102887793859837,1.0241506174075216E-4,0.002307857284639424,-0.019600354033294798,4.9644405234583814E-8
2007-11,2007,11,0.0026280979382600276,0.0027578286072248086,0.001034550399677603,0.0017232591939556517,-0.018420928738870967,6.463448639425983E-4
2007-12,2007,12,0.010489197458797152,0.00873817554485659,0.00694367341499502,0.001794496956961045,-0.016241012998045437,0.004037835102626636
2008-01,2008,1,0.01713684050072282,0.003670453885133161,0.0019018328033429683,0.0017686243705502672,-0.009746624907069344,0.01246140172713067
2008-02,2008,2,0.04441677319206555,0.01137045600077619,0.007707116210898788,0.003663336768732639,-0.01865509074113366,0.05247996772743512
2008-03,2008,3,0.06152930840029501,0.034435479832232184,0.019058578245303742,0.015376893973263377,-0.058805258696164694,0.030663727385232
2008-04,2008,4,0.007805465362770175,0.02062023338444208,0.002392630825246495,0.018227594332154356,-0.08199140657744615,0.0015583749712608495
2008-05,2008,5,3.5283991609242906E-5,0.0117754669536588,3.6318563726083126E-4,0.01141227329503422,-0.07435135161538337,1.3708074965392143E-6
2008-06,2008,6,1.522434718870387E-9,0.006039301178741186,3.276400559598307E-5,0.006006497719524474,-0.05178078433009885,-7.345364920210326E-25
2008-07,2008,7,2.255962572296731E-9,0.003454402224492159,3.147903548368962E-5,0.003422886508779132,-0.04108345555844863,-7.345364920210326E-25
2008-08,2008,8,4.776400400968802E-9,0.0020569481955836806,2.6007909609952478E-5,0.002030922890673935,-0.030249148615305126,-7.345364920210326E-25
2008-09,2008,9,3.1892743981158793E-9,0.001625789737269379,2.942700239945116E-4,0.0013314810523841931,-0.026977722626897845,-7.345364920210326E-25
2008-10,2008,10,4.772239929339007E-5,0.0024576243931040205,0.0014044095263121773,0.0010532068234260555,-0.030158292188278434,2.6246371451580993E-6
2008-11,2008,11,7.85531046271005E-4,0.001851998761265659,9.921930636634406E-4,8.59794084461412E-4,-0.02718864847044549,7.715242203894396E-5
2008-12,2008,12,0.007878510094981117,0.0033766771426026135,0.0024548653666053894,9.217932978535608E-4,-0.015755724578506415,0.004854071998632012
2009-01,2009,1,0.020535968148041872,0.0028114938432125393,0.0019760824750292183,8.354129553355739E-4,-0.014377821594057299,0.03030364539711386
2009-02,2009,2,0.02907837244182412,0.009154061055233236,0.007157044407868897,0.001997015445238115,-0.025793842101758675,0.025347987915446436
2009-03,2009,3,0.04665794995818981,0.02809708274998079,0.01715154219142617,0.010945551354530694,-0.047409461211789766,0.0343929214577365
2009-04,2009,4,0.029600380529194985,0.04186609004203346,0.013703655563532103,0.028162435401742,-0.07828698624470101,0.014639844398582824
2009-05,2009,5,0.004130821199016228,0.024509958832571142,0.0016784322102490654,0.02283151678030958,-0.09636206544060737,6.352253153152171E-4
2009-06,2009,6,3.2672809181561994E-9,0.01036993297691947,2.785930525457481E-4,0.010091332295405932,-0.06814855981014463,-7.345364920210326E-25
2009-07,2009,7,6.59563436175937E-9,0.005377658536517304,5.2022047441544135E-6,0.005372426965894799,-0.046244426613117284,-7.345364920210326E-25
2009-08,2009,8,2.198728287298348E-9,0.0030050952398115688,1.1564656071705492E-5,0.0029934917270219453,-0.03182429044674489,-7.345364920210326E-25
2009-09,2009,9,3.367035672052165E-9,0.0020900893620812975,2.3353774397919812E-4,0.001856533387812318,-0.02703914138173539,-7.345364920210326E-25
2009-10,2009,10,2.4621614579134004E-7,0.007766971903511852,0.005908577823642662,0.0018583698822526539,-0.020791074067254826,9.153350882311607E-9
2009-11,2009,11,0.0031700128885656016,0.014952229075008329,0.012075546819713817,0.0028766814243459064,-0.03233396552036797,4.1960599441933E-4
2009-12,2009,12,0.015165637425165922,0.02604030707821505,0.01669104187694816,0.009349265230161283,-0.019295224254645412,0.004856800654438563
2010-01,2010,1,0.019280757707708637,0.03713538308519016,0.01376866707104402,0.02336671142920922,-0.02219072245607452,0.014060523634916564
2010-02,2010,2,0.029616997333175563,0.06319543676991367,0.012468786117507668,0.0507266573443331,-0.026875034285497625,0.02160741861308801
2010-03,2010,3,0.030016534280595142,0.10560713806709937,0.01762022202463666,0.08798691513324933,-0.05635406860382198,0.012468544777651596
2010-04,2010,4,0.0056818265394860635,0.06324695782976283,0.013537205996336395,0.049709759249577525,-0.08227434584082516,0.0014369190250684831
2010-05,2010,5,4.326898592714763E-5,0.05593266836180216,0.009462781347301118,0.04646987412614002,-0.10877176742457191,1.5061095982136113E-6
2010-06,2010,6,5.400383440198089E-9,0.02187815390627651,8.608996816876221E-5,0.021792022179407147,-0.08040319346403939,-7.345364920210326E-25
2010-07,2010,7,6.078908856913556E-9,0.010659683010299206,2.209871564456392E-6,0.01065741914003503,-0.05602705246471196,-7.345364920210326E-25
2010-08,2010,8,3.86415233064664E-9,0.005588790818372834,4.35304392259323E-5,0.005545222323092718,-0.03992941177986733,-7.345364920210326E-25
2010-09,2010,9,3.317542725080704E-9,0.0032815955288819673,4.0948951238321844E-5,0.003240607081379663,-0.02707892529121994,-7.345364920210326E-25
2010-10,2010,10,1.1125262071622935E-5,0.002584559589009851,2.626997885685322E-4,0.0023218359798655303,-0.023169301503571046,5.323450806254126E-7
2010-11,2010,11,1.9241653733455507E-6,0.0017302299444573164,7.964811945216916E-6,0.001722236407768709,-0.014902981026225162,1.2809078789076761E-7
2010-12,2010,12,0.009544639853455026,0.004137894069302071,0.002684890198901801,0.0014529993227727284,-0.015602438855612192,0.004119424044517109
2011-01,2011,1,0.024454002885712662,0.0120794430740301,0.008422464113180376,0.003656972781259709,-0.015928337186631763,0.012307028403508698
2011-02,2011,2,0.037930810918731045,0.017732501903242336,0.011365819072477346,0.00636668021487005,-0.021559396621008114,0.03852232149460105
2011-03,2011,3,0.034225090496430084,0.04423572433473777,0.01683979091600796,0.027395923536631773,-0.054244365387999774,0.03640086546338688
2011-04,2011,4,0.025080507961563546,0.10462037321561388,0.044427442488213946,0.06019292944867103,-0.07761774014538107,0.00871971932039529
2011-05,2011,5,8.916883259357976E-4,0.07609579165040344,0.009151643936551917,0.06694414534777465,-0.10875035981398062,9.1866643006255E-5
2011-06,2011,6,7.054224089945581E-9,0.026571597676595272,8.76219773664251E-5,0.02648394473301135,-0.08396222253091688,-7.345364920210326E-25
2011-07,2011,7,5.442661760850086E-9,0.012084654285742813,7.475586924696408E-5,0.012009863550632396,-0.05821564501592813,-7.345364920210326E-25
2011-08,2011,8,6.151751043842543E-9,0.006085494741378855,1.1139415320370178E-5,0.006074322452485753,-0.03946825228696502,-7.345364920210326E-25
2011-09,2011,9,2.7954933251192836E-9,0.003540861600685802,4.613051618793738E-5,0.0034946909559509277,-0.025551631631745994,-7.345364920210326E-25
2011-10,2011,10,3.4441665346463294E-4,0.0031111821947388944,6.080198780536931E-4,0.0025031430113164484,-0.0258034452989831,2.6832775170107695E-5
2011-11,2011,11,0.00502235275183442,0.003920898931769674,0.0019209056759664513,0.00199998762737314,-0.026813648551927572,8.017062977790617E-4
2011-12,2011,12,0.009925193174661987,0.0037047017712264507,0.0019096254870539073,0.001795061585156436,-0.01557986105715895,0.002529626726659766
2012-01,2012,1,0.025694001077604205,0.0074208027132923815,0.0046241290372933215,0.0027966722159389434,-0.01504720847689482,0.014596932107308041
2012-02,2012,2,0.03950888014279213,0.017396322459145335,0.007558532133400881,0.009837792685092389,-0.0175791889962552,0.08158391908315998
2012-03,2012,3,0.08162195776083091,0.05288286545634779,0.016044934494916424,0.03683792872468903,-0.0318401380441358,0.13645831670646255
2012-04,2012,4,0.11443177916417015,0.11818300385892068,0.034777589134845764,0.08340540712835945,-0.0743887238795899,0.04503852457968451
2012-05,2012,5,0.0023360971258318407,0.042601341762938685,0.002019851197018485,0.04058148705768084,-0.09667495276115072,1.5209940853773814E-4
2012-06,2012,6,4.6042148204164455E-9,0.015083051968531942,1.0183266797374509E-4,0.014981180011114417,-0.06370677636762467,-7.345364920210326E-25
2012-07,2012,7,5.814864485275473E-9,0.0074504539610108535,2.8682479873292698E-5,0.007421731488460268,-0.04689356921166433,-7.345364920210326E-25
2012-08,2012,8,5.16196100108742E-9,0.0040057764933617065,9.326943448306067E-6,0.003996410047542528,-0.034809474437518494,-7.345364920210326E-25
2012-09,2012,9,2.776704730802668E-9,0.002454618181165536,4.2833094464990505E-5,0.0024117494116768215,-0.023781362108094537,-7.345364920210326E-25
2012-10,2012,10,4.125702283610449E-9,0.0031948859842110024,0.0014233592466818218,0.0017715086326609588,-0.026921743178034592,-7.345364920210326E-25
2012-11,2012,11,9.36444276143513E-4,0.004134506014129968,0.0027151473942912175,0.0014193593463229853,-0.029347210678818896,9.069547172025113E-5
2012-12,2012,12,0.017117772992017374,0.022853483629838373,0.016504534475287977,0.0063489435964012115,-0.01890637734919958,0.009792144721552112
2013-01,2013,1,0.04876011271420336,0.08173564510690987,0.05019565051024135,0.03153999552624691,-0.012549508157213791,0.07214252640794545
2013-02,2013,2,0.053118559919015935,0.09523114580649726,0.013395440026077236,0.08183570769545288,-0.024227248130844228,0.08539002361541713
2013-03,2013,3,0.04766577097896782,0.10079785282536725,0.01677338317554228,0.08402447070541884,-0.05419550609273405,0.057991261570278695
2013-04,2013,4,0.03805136755486612,0.07913459582628694,0.013418757418570026,0.06571581876764578,-0.0831705894018255,0.014230790752073499
2013-05,2013,5,0.0013053163702441521,0.030949328722671563,0.003194633413102408,0.027754685993263965,-0.09805136508285746,1.859906492302399E-4
2013-06,2013,6,3.4839926014065918E-9,0.012930920783682846,3.755036512654925E-5,0.012893340815003701,-0.07303207298771702,-7.345364920210326E-25
2013-07,2013,7,4.776092497916971E-9,0.006738693365484279,9.427065529645173E-7,0.006737711036040191,-0.04914483347097641,-7.345364920210326E-25
2013-08,2013,8,5.375100829401249E-9,0.0037155566613663433,1.5457262221582363E-5,0.0037000513969324043,-0.034752278492795746,-7.345364920210326E-25
2013-09,2013,9,1.3988491215553582E-9,0.0022941791356028956,2.5892199045221615E-5,0.0022682526498328964,-0.022705580353528154,-7.345364920210326E-25
2013-10,2013,10,6.392288776694875E-6,0.001781995897138775,8.404490477746646E-5,0.0016979256485783489,-0.016729754412428206,3.4538613180199466E-7
2013-11,2013,11,8.19395109339189E-4,0.005084374741243946,0.003735172152310954,0.001349195450391932,-0.025276488280793787,7.526655955159537E-5
2013-12,2013,12,0.02002408317156429,0.009735397923953705,0.006864286032419003,0.002871106109054349,-0.015151972109300561,0.030337659748045514
2014-01,2014,1,0.029941794486258298,0.021313339177438374,0.014169986999751322,0.007143354874988674,-0.016924177819187477,0.03388103080449051
2014-02,2014,2,0.021764310825336152,0.009273777593318414,0.0040481166451584285,0.005225656408791958,-0.02805039589605349,0.027125699626332715
2014-03,2014,3,0.025811690437825944,0.06240687759612731,0.0312989794557377,0.031107896329321823,-0.0565820960000797,0.008219184927885018
2014-04,2014,4,0.006871960892420954,0.038550560919602045,0.0036898909217553794,0.034860660383661826,-0.08703889886013304,0.001838718307322349
2014-05,2014,5,4.507624174781337E-6,0.022372766827409428,7.71884435711752E-4,0.02160087408800214,-0.0988192319820591,2.0902273044080792E-7
2014-06,2014,6,3.6091394826367734E-9,0.011231161613592885,8.865024270523423E-5,0.011142477015829934,-0.06665600928154755,-7.345364920210326E-25
2014-07,2014,7,7.705222255686082E-9,0.006072964532286692,1.2973294447448412E-5,0.006059961304397736,-0.04777970051444678,-7.345364920210326E-25
2014-08,2014,8,4.143437005673858E-9,0.0034319604829822566,1.3054069282534625E-5,0.0034188734450621336,-0.03476760207284763,-7.345364920210326E-25
2014-09,2014,9,3.4465888887639275E-9,0.0022249556457365756,1.0970707808651731E-4,0.0021152275035274154,-0.023225906412617493,-7.345364920210326E-25
2014-10,2014,10,3.440163970385238E-4,0.013823742919750158,0.011079292957173479,0.002744432812404476,-0.03826028951062179,1.762898410640569E-5
2014-11,2014,11,0.004676997303412926,0.016504868881612945,0.01202705633696609,0.004477814137589133,-0.032555704381023565,8.959607003114679E-4
2014-12,2014,12,0.011871145996428136,0.0102709887015848,0.005011244805248594,0.005259742648553257,-0.020491200988376673,0.0022908130775002723
2015-01,2015,1,0.03443724837020662,0.02011710925166559,0.008131426370507363,0.011985681866304413,-0.015938757634730245,0.026226981594698204
2015-02,2015,2,0.03180464474449788,0.03609961487151719,0.009605208119066537,0.026494410914775647,-0.026452121642404097,0.028049649874361635
2015-03,2015,3,0.03372093348076413,0.06997040382570181,0.02030791288881169,0.049662490529909814,-0.05312098927954317,0.02242966504171273
2015-04,2015,4,0.021434607448127772,0.0797172158269286,0.010229779323493672,0.06948743482179934,-0.08515539377243621,0.0048313579383675075
2015-05,2015,5,5.628553092952044E-4,0.03762015553177877,0.0013022769603494278,0.03631787479433861,-0.10072032605109098,5.789851375646422E-5
2015-06,2015,6,3.7140024648605815E-9,0.015987849434544132,3.627384737044829E-5,0.01595154996482015,-0.06674386188587036,-7.345364920210326E-25
2015-07,2015,7,5.626662111130395E-9,0.008007597655907653,3.4939018636362925E-5,0.007972616100661266,-0.05082455688223543,-7.345364920210326E-25
2015-08,2015,8,3.9538614108479E-9,0.004348685434972157,5.766163234429999E-5,0.004290996777550593,-0.03684236033443493,-7.345364920210326E-25
2015-09,2015,9,3.777802356042915E-9,0.002688289551971349,9.042910005246752E-5,0.0025978419181103035,-0.02847601716449331,-7.345364920210326E-25
2015-10,2015,10,1.2443013027795744E-7,0.015014472230556578,0.011851265892651525,0.003163201784360928,-0.033453504766394304,5.672796174510331E-9
2015-11,2015,11,0.0033336983667184676,0.021699560862790068,0.01419124737414339,0.007508301665195494,-0.032608919926140026,3.6836872963987575E-4
2015-12,2015,12,0.018684825256831877,0.019910712543578853,0.009237138765429826,0.010673566915206302,-0.016858776365400126,0.009804180035306085
2016-01,2016,1,0.0436977170943874,0.09014885360163627,0.026063837084410593,0.06408501378895042,-0.012416121859938586,0.07828880706053651
2016-02,2016,2,0.05660336017700399,0.08538887000200907,0.016122728259378872,0.06926613740773752,-0.02498559406657894,0.0854334926382373
2016-03,2016,3,0.04890349698252507,0.14928047119054794,0.03581832860392785,0.11346214417068128,-0.04807882762716637,0.03647181982617668
2016-04,2016,4,0.030612137562931838,0.12875597086978022,0.016283637613462593,0.11247233791546063,-0.08327411258458899,0.01279624970740801
2016-05,2016,5,6.514599235832718E-4,0.044303370710920026,9.253164964031696E-4,0.04337803850171701,-0.09570865653544303,7.611210260518473E-5
2016-06,2016,6,7.219926650555292E-9,0.017715977071953465,2.1861962128953919E-4,0.017497336530691958,-0.06890708631253299,-7.345364920210326E-25
2016-07,2016,7,6.968851236251235E-9,0.008713558473983057,1.1578432541148877E-5,0.008701935424171168,-0.05054299541811995,-7.345364920210326E-25
2016-08,2016,8,3.780895973804938E-9,0.004612773898930502,5.3413100484757674E-6,0.004607387452525359,-0.03735066161692284,-7.345364920210326E-25
2016-09,2016,9,3.607406966922381E-9,0.0027736348895997668,2.2344664173230995E-5,0.002751262907537067,-0.023193570847404272,-7.345364920210326E-25
2016-10,2016,10,7.65641622875346E-6,0.003044927476728155,0.0010321454683601152,0.00201275890928181,-0.020726655253377853,3.2261826537349205E-7
2016-11,2016,11,3.03092690607372E-4,0.0027532488852878433,0.001206363590120938,0.0015468736605859965,-0.026119598363662747,3.58569892629016E-5
2016-12,2016,12,0.024109002621850163,0.01785451994504131,0.014015673366926292,0.0038388473286730834,-0.014169840495350068,0.023044984797390578
2017-01,2017,1,0.01896361325083167,0.005345932542308244,0.002690019629333245,0.002655908406445794,-0.01648396030830669,0.036113883966378206
2017-02,2017,2,0.042271453567026995,0.011116168061887281,0.005153312260019741,0.005962856825692751,-0.01764078760657969,0.07240332839455865
2017-03,2017,3,0.06056350945573859,0.06130187774170138,0.025097161422850078,0.03620471563588984,-0.04365886931139686,0.04822729379189089
2017-04,2017,4,0.03492465906635682,0.09760165204529463,0.02315690416328481,0.07444474877340815,-0.08338089446950099,0.012718920951003139
2017-05,2017,5,5.99315858842323E-4,0.042910998957934474,0.0031321271092684014,0.03977885634253299,-0.10715832684730102,6.273181100699961E-5
2017-06,2017,6,3.773690324250851E-9,0.017213682694226174,3.20526230115628E-5,0.01718158497870496,-0.0706073779319607,-7.345364920210326E-25
2017-07,2017,7,3.157773357535376E-9,0.008505609429387,2.0463697333691645E-5,0.008485107163433023,-0.0514194895161738,-7.345364920210326E-25
2017-08,2017,8,3.0812563072873365E-9,0.0045066413202970185,2.5207739968649974E-6,0.004504090222671857,-0.03724185106204475,-7.345364920210326E-25
2017-09,2017,9,9.382310932361662E-10,0.0026870097723351995,1.1041362075543323E-5,0.0026759365443288245,-0.024096717581684635,-7.345364920210326E-25
2017-10,2017,10,2.8295932557449E-6,0.002173683726151721,2.2301093204112347E-4,0.0019506462646154234,-0.016771134327613547,1.4613421578622754E-7
2017-11,2017,11,0.0028820795025567944,0.009425107568941037,0.007406540327932342,0.0020185622702765717,-0.028327486928468117,5.733321715930594E-4
2017-12,2017,12,0.011827170684132651,0.004096107972450876,0.002644297839664578,0.0014518033466335515,-0.021275244148057013,0.002683750381792326
2018-01,2018,1,0.019260146043796316,0.008997993590390486,0.006718534278169405,0.0022794522991940766,-0.021360465429715484,0.007244167344403221
2018-02,2018,2,0.022499334101282572,0.05623627314452825,0.035270538496159166,0.020965729463355485,-0.026602786295005475,0.009626248736704177
2018-03,2018,3,0.011864138441390731,0.0519168079326371,0.011435782978905785,0.04048103041456966,-0.06415673320218085,0.003203415935929092
2018-04,2018,4,3.6631029142628735E-4,0.03547844135965543,0.007713839832347264,0.027764592094832934,-0.08764155070230888,2.8027752450620747E-5
2018-05,2018,5,1.1415939224425075E-8,0.04253582746526749,0.012758647527144869,0.02977717497603609,-0.10702208480072649,-7.345364920210326E-25
2018-06,2018,6,5.373399732365625E-9,0.02004439575288897,1.0045359535479443E-4,0.019943916873978167,-0.09201149091820139,-7.345364920210326E-25
2018-07,2018,7,7.522274431144198E-9,0.010283033792260601,1.179027214424701E-6,0.01028181092362562,-0.059392852595438146,-7.345364920210326E-25
2018-08,2018,8,6.754269739420664E-9,0.00542745982628181,4.330853955040789E-6,0.005423093436250813,-0.040488591690399325,-7.345364920210326E-25
2018-09,2018,9,2.882230198310005E-9,0.003205611940680437,4.1391619937048233E-5,0.0031641960754409063,-0.02719767976764077,-7.345364920210326E-25
2018-10,2018,10,2.3290513224464658E-5,0.02103437072889576,0.016464174980380164,0.004570188440065012,-0.032583742110727655,1.8525558159664353E-6
2018-11,2018,11,8.419891593392493E-4,0.010082899295498469,0.007382250349742833,0.0027006420724609713,-0.030848316933367138,6.941229084006158E-5
2018-12,2018,12,0.015990989702494022,0.06293690209699766,0.03309425370211,0.02984264752266831,-0.019382052935117397,0.006418864388882772
2019-01,2019,1,0.03871867580526437,0.1445845887027822,0.038941532030528365,0.10564305883919317,-0.013597458674323824,0.05868088894410396
2019-02,2019,2,0.03731888572479399,0.11809532120629146,0.014085638101257557,0.1040096849036856,-0.024330565762215112,0.07053442528088576
2019-03,2019,3,0.052399646890993544,0.21360567368787248,0.045159684276160635,0.16844598994805876,-0.04070399225575309,0.06879910567453562
2019-04,2019,4,0.0531733353556858,0.23048483786867632,0.031298523451624045,0.1991863114232396,-0.07149611436306468,0.032887374000630916
2019-05,2019,5,0.015324527176414126,0.08305465124703876,0.008692665909774952,0.07436196566152992,-0.1075073174596138,0.003560392571428535
2019-06,2019,6,2.2106695710688826E-7,0.02464353677168248,6.82113987538152E-5,0.024575303308818616,-0.07527191324601389,6.5955094251339804E-9
2019-07,2019,7,6.025848094549939E-9,0.01112019433650518,7.489261008475497E-6,0.011112678631108444,-0.05202998965415151,-7.345364920210326E-25
2019-08,2019,8,6.17787320661962E-9,0.005683543885984063,2.1204459127845855E-5,0.005662302288793891,-0.039889593347804654,-7.345364920210326E-25
2019-09,2019,9,4.888287253248171E-9,0.003309052693818845,1.5233945690218224E-5,0.0032937967907531946,-0.024745910718936493,-7.345364920210326E-25
2019-10,2019,10,8.919655218701298E-7,0.003017353392178333,6.711221754093471E-4,0.0023462151174133855,-0.026633867064418823,3.690010604815149E-8
2019-11,2019,11,2.959293682916946E-4,0.002506631492778103,7.236647771544244E-4,0.0017829376699196324,-0.02496067894558756,2.885018074234365E-5
2019-12,2019,12,0.014789060394418385,0.00681529948582123,0.004930460525273962,0.0018848407099482675,-0.020847900778156663,0.004133804153169357
2020-01,2020,1,0.028770739791256713,0.009313449654453361,0.0060157670195160415,0.0032976800683301995,-0.017054096291120178,0.026059345983359284
2020-02,2020,2,0.06204530513883956,0.04262394058431258,0.01992049956084535,0.022703437230676225,-0.01920224425382804,0.0658525502295611
2020-03,2020,3,0.05163171632104947,0.10631636957443817,0.03734574837463498,0.068970624547588,-0.05134910789445035,0.029526455350939267
2020-04,2020,4,0.01564433360833243,0.1306914559590009,0.022168811160688636,0.10852265541995396,-0.08392510319712557,0.004533707547220137
2020-05,2020,5,1.3845816467903684E-4,0.06044766485742411,0.006070922811188411,0.054376725428618315,-0.11123063772274752,8.990586416347583E-6
2020-06,2020,6,5.018535630232176E-9,0.024087884613686397,7.889315755167494E-5,0.024008974694827108,-0.07695815017143699,-7.345364920210326E-25
2020-07,2020,7,8.060718770939107E-9,0.011554739045053091,5.7003711727101154E-5,0.011497704009405092,-0.05544400061219616,-7.345364920210326E-25
2020-08,2020,8,7.077973469219008E-9,0.005940420950299735,1.259534068737903E-5,0.005927791262428173,-0.039108325784451475,-7.345364920210326E-25
2020-09,2020,9,2.9195838654857876E-9,0.00343981043898133,9.701342293492815E-6,0.0034300774894862373,-0.026398322290874267,-7.345364920210326E-25
2020-10,2020,10,1.1004315932599895E-9,0.0024576297550283005,3.325899667503364E-5,0.002424345485445455,-0.018580511631529097,-7.345364920210326E-25
2020-11,2020,11,0.002228489569640153,0.005577591077813122,0.003637925028090718,0.0019396634485870355,-0.027424493723676748,4.8066927302306073E-4
2020-12,2020,12,0.008693248129366012,0.0032149895532743453,0.0015675311860344754,0.0016474533259934687,-0.019690512205934756,0.002234417456007014
2021-01,2021,1,0.020382362326414,0.008210621600374134,0.005599230216996272,0.0026113853979965753,-0.017776552736308786,0.016823259058798428
2021-02,2021,2,0.040668975198191876,0.016494037683092235,0.011183106191576378,0.005310943846988475,-0.027723050987781217,0.031148193687513526
2021-03,2021,3,0.025591803349707905,0.02597924129272904,0.012279721804688634,0.013699516802037834,-0.05547814159265492,0.01837173557309465
2021-04,2021,4,0.010560929370856084,0.024657719420048924,0.0038678249516980717,0.020789879991439712,-0.08783655621199606,0.0027283615594424007
2021-05,2021,5,1.8159980312254323E-6,0.012947797902386692,3.414445725094243E-4,0.012606339599227936,-0.08308533979986825,7.631602838694289E-8
2021-06,2021,6,6.277407132087742E-11,0.0063112757851475085,9.910315590276746E-7,0.006310257242298189,-0.053027662175436724,-7.345364920210326E-25
2021-07,2021,7,2.779669307562652E-9,0.0035316785559011297,7.698590133466174E-6,0.0035239414387034946,-0.040151073818856506,-7.345364920210326E-25
2021-08,2021,8,4.110371090472053E-9,0.0021694150166044696,6.110237316127922E-5,0.00210827829839548,-0.031516078236029726,-7.345364920210326E-25
2021-09,2021,9,1.4955084623362303E-9,0.0013663180157963857,6.125833903204848E-6,0.0013601477993424253,-0.018871923983758754,-7.345364920210326E-25
2021-10,2021,10,4.22603103432542E-8,0.0012896952624593789,2.44653798065755E-4,0.0010450258250200499,-0.01486445577481046,1.9842552573027616E-9
2021-11,2021,11,4.8016697450063527E-4,0.0011067849210745066,2.809690207947993E-4,8.258008096315651E-4,-0.019502340824109104,5.024277582861884E-5
2021-12,2021,12,0.01341615342776123,0.006780486907184404,0.005723277206774129,0.0010571958951361758,-0.01824576096767942,0.006901492907174245
2022-01,2022,1,0.0307524775354728,0.011891895103962973,0.008561263051650038,0.0033306347307122527,-0.012618839250942693,0.037827237832377604
2022-02,2022,2,0.06214668094062539,0.018266121051308846,0.011603391835870327,0.006662725891002957,-0.024497779748760766,0.057234102840645645
2022-03,2022,3,0.031522765192704784,0.03549409663160793,0.012360918991768093,0.023133176022812972,-0.04539283101441578,0.03828320560663884
2022-04,2022,4,0.03630182928923846,0.04459287217279984,0.012639130438624302,0.03195372085472733,-0.08304452289206582,0.012985521636278512
2022-05,2022,5,6.696159306826786E-4,0.026049625373970976,0.004034733986199536,0.02201488201419356,-0.09893208663841195,5.435356943521213E-5
2022-06,2022,6,3.434818778443659E-9,0.010801735764609847,5.7163382330478686E-5,0.010744553923025516,-0.06799589764546747,-7.345364920210326E-25
2022-07,2022,7,3.3882132080500853E-9,0.00565927745398833,2.4155564799863436E-6,0.005656811792374714,-0.047595751861344335,-7.345364920210326E-25
2022-08,2022,8,2.8983367595563324E-9,0.0031202416595223718,7.088277368546048E-6,0.003113107925216211,-0.03417894067484805,-7.345364920210326E-25
2022-09,2022,9,3.9296463618714565E-10,0.001927780575448257,2.3031654136586224E-5,0.001904710152381129,-0.022499440107199092,-7.345364920210326E-25
2022-10,2022,10,7.42635230721847E-10,0.0019137295580350063,5.018375666347096E-4,0.0014118632089614358,-0.022231797273217616,-7.345364920210326E-25
2022-11,2022,11,0.0012233581053939706,0.006430429386859523,0.005052661776034208,0.0013777452035954264,-0.021959415117491467,1.803883000350487E-4
2022-12,2022,12,0.002296277844278179,0.0021525309319853996,0.001083332679131329,0.0010692008661206344,-0.021722720159943112,2.8066803885541956E-4
2023-01,2023,1,0.010992596521585575,0.005813508103904062,0.00355958837031919,0.0022539109304849196,-0.019822402016898343,0.002181047296871612
2023-02,2023,2,0.049724015924687386,0.013774469284810024,0.00760917780680161,0.006165286810309434,-0.01971987679824997,0.061157467017546596
2023-03,2023,3,0.04683759633203159,0.04428316797498579,0.026956110952194093,0.017327046667972544,-0.05199658598737577,0.010172136138891676
2023-04,2023,4,0.0058612063185958675,0.06894795784404635,0.02968000676847122,0.03926794891576993,-0.08414392923047938,3.79775532011349E-4
2023-05,2023,5,1.0426482588609819E-5,0.027660492852809446,0.002064637816128707,0.02559584803292403,-0.103952714479374,3.885659849064173E-7
2023-06,2023,6,6.591093913840534E-9,0.013241295501709773,1.0929963802121035E-4,0.01313197656201107,-0.08275791490975139,-7.345364920210326E-25
2023-07,2023,7,7.597515434196377E-9,0.007170245771731686,5.214257449331964E-6,0.007164985834335846,-0.05352309028980918,-7.345364920210326E-25
2023-08,2023,8,3.806628096127148E-9,0.003991892924710754,1.2324835717962841E-5,0.003979538743570708,-0.036665886554027416,-7.345364920210326E-25
2023-09,2023,9,3.1058171861492592E-9,0.002440580619270058,9.865576444699421E-6,0.0024306963525320114,-0.02328255095820212,-7.345364920210326E-25
2023-10,2023,10,5.17075396717621E-9,0.0023282359602770225,5.192564221180568E-4,0.0018089729030995431,-0.03067702410645008,-7.345364920210326E-25
2023-11,2023,11,0.004562915000714143,0.015360537386070065,0.01199199127554667,0.003368542703262863,-0.025971687063958988,7.019947879552305E-4
2023-12,2023,12,0.006875329731181581,0.02096136121609098,0.014422675815636601,0.006538679871399776,-0.022351581198262502,0.0029398454776970125
2024-01,2024,1,0.027784770347453195,0.05629957096934628,0.024661979021530372,0.03163758678191268,-0.019406320838359116,0.026451700084846735
2024-02,2024,2,0.03267761045878987,0.08954574453986178,0.017843800877174618,0.07170193666291728,-0.028263332252139742,0.04007699983896113
2024-03,2024,3,0.024533415143394192,0.14118562937047466,0.03530470235883169,0.10588093060902325,-0.053483472841708145,0.026128374348659084
2024-04,2024,4,0.02051110134930657,0.09680197775439339,0.014576469440247958,0.08222549350017348,-0.0952722422007507,0.007325725794927702
2024-05,2024,5,3.0970751232729896E-4,0.0554230335897107,0.014413059404513052,0.041009983487871826,-0.10570026406752363,2.321857454318466E-5
2024-06,2024,6,7.617661091016217E-9,0.021884225802845207,1.426337017601047E-4,0.02174157483371498,-0.09064606901845096,-7.345364920210326E-25
2024-07,2024,7,1.0701672816430663E-8,0.01116850733843374,4.62462952884764E-6,0.01116383005943008,-0.058142901854396446,-7.345364920210326E-25
2024-08,2024,8,7.334536380187337E-9,0.005832044889205357,5.484694256373441E-6,0.0058265344736714905,-0.04093630341233566,-7.345364920210326E-25
2024-09,2024,9,6.470886946587702E-9,0.003510699643395275,1.2125586117330875E-4,0.0033894042633006408,-0.029513758550983416,-7.345364920210326E-25
