month,n_images,valid_days,year,gap_days,gap_fraction
10,31,19.381890597655648,2000,11.61810940234434,0.3747777226562287
11,30,19.89062904079953,2000,10.109370959200454,0.3369790319733413
12,31,10.140602580292502,2000,20.85939741970749,0.6728837877324833
1,31,14.944207938079826,2001,16.055792061920165,0.517928776190967
2,28,9.340961268504357,2001,18.659038731495635,0.6663942404105596
3,31,18.999829369638736,2001,12.00017063036127,0.3871022783987106
10,31,21.46089390068596,2001,9.539106099314038,0.3077130999778248
11,30,15.5055376103352,2001,14.494462389664802,0.4831487463221685
12,31,9.172806990224398,2001,21.827193009775595,0.7041030003153114
1,31,12.1620906806546,2002,18.8379093193454,0.6076744941724419
2,28,14.800875753928665,2002,13.199124246071326,0.4713972945025572
3,23,12.309659347101077,2002,10.690340652898923,0.4647974196912841
10,31,20.63551279559037,2002,10.364487204409627,0.3343382969163942
11,30,19.076065418686536,2002,10.923934581313445,0.3641311527104351
12,31,8.355754062403184,2002,22.64424593759681,0.7304595463740291
1,31,12.77975535973609,2003,18.22024464026392,0.5877498271053015
2,28,4.801235930073417,2003,23.198764069926582,0.8285272882116949
3,31,10.208986168910744,2003,20.791013831089245,0.6706778655189971
10,31,21.96197635680654,2003,9.038023643193451,0.291549149780381
11,30,17.074402367536177,2003,12.925597632463834,0.430853254415411
12,24,8.537231484587751,2003,15.462768515412234,0.6442820214755087
1,31,9.544984458330076,2004,21.45501554166992,0.6920972755377223
2,29,8.541523327625175,2004,20.45847667237482,0.705464712840551
3,31,16.929679146849388,2004,14.0703208531506,0.4538813178435382
10,31,24.17562731582147,2004,6.824372684178532,0.2201410543282593
11,30,12.53353333882322,2004,17.466466661176778,0.5822155553726048
12,31,15.130599032747236,2004,15.869400967252766,0.5119161602339566
1,31,11.959056152960946,2005,19.040943847039056,0.6142239950657798
2,28,11.34971618734244,2005,16.650283812657566,0.5946529933091945
3,31,15.51772905175723,2005,15.482270948242762,0.4994280951045644
10,31,23.75121252976845,2005,7.248787470231552,0.2338318538783676
11,30,19.523686325432845,2005,10.476313674567136,0.3492104558188924
12,31,19.751889689835856,2005,11.24811031016413,0.3628422680697679
1,31,8.428064799899223,2006,22.57193520010076,0.7281269419386914
2,28,8.283043390231603,2006,19.716956609768395,0.7041770217774566
3,31,15.55502583671978,2006,15.444974163280207,0.4982249730090037
10,31,16.76056572413447,2006,14.239434275865534,0.4593365895440096
11,30,20.310716622818823,2006,9.689283377181168,0.3229761125727031
12,31,19.107297732540868,2006,11.89270226745913,0.3836355570147856
1,31,14.058917865562073,2007,16.941082134437927,0.5464865204657259
2,28,10.437216008880853,2007,17.562783991119147,0.6272422853971278
3,31,13.791205666000264,2007,17.208794333999723,0.5551223978709484
10,31,21.913112580316,2007,9.086887419684002,0.2931254006349165
11,30,19.38409659371197,2007,10.615903406288028,0.353863446876255
12,31,13.907433616355837,2007,17.09256638364416,0.5513731091498176
1,31,14.219470312756862,2008,16.78052968724313,0.5413074092658976
2,29,11.583996914256089,2008,17.41600308574391,0.6005518305429363
3,31,17.507614150205672,2008,13.49238584979432,0.4352382532191355
10,31,20.7110049685513,2008,10.2889950314487,0.3319030655305687
11,30,19.915445863911,2008,10.084554136088988,0.3361518045362952
12,29,17.907788943164633,2008,11.09221105683536,0.3824900364425849
1,31,14.71407300184317,2009,16.285926998156825,0.5253524838115105
2,28,10.31101538408156,2009,17.688984615918432,0.6317494505685057
3,31,9.661414092869055,2009,21.33858590713094,0.6883414808751821
10,31,24.27510668388492,2009,6.724893316115078,0.21693204245526
11,30,16.0828298507772,2009,13.917170149222803,0.4639056716407185
12,31,9.92902728766519,2009,21.070972712334804,0.6797087971720783
1,31,9.174887656548464,2010,21.82511234345154,0.7040358820467937
2,28,7.552671047374039,2010,20.447328952625966,0.7302617483080635
3,31,10.705825757275012,2010,20.29417424272498,0.6546507820234159
10,31,22.97402026998332,2010,8.025979730016685,0.2589025719359745
11,30,28.347428806778414,2010,1.6525711932215787,0.0550857064407121
12,31,19.10609488638428,2010,11.89390511361572,0.3836743585037043
1,31,13.42943074639232,2011,17.570569253607683,0.5667925565680053
2,28,9.36128417283371,2011,18.63871582716629,0.6656684223988073
3,31,17.850112537726186,2011,13.14988746227382,0.4241899181378337
10,31,21.5136166943902,2011,9.486383305609788,0.3060123646970382
11,30,16.663303135122803,2011,13.3366968648772,0.4445565621625591
12,31,18.302807596843195,2011,12.697192403156798,0.4095868517147092
1,31,9.217960121109302,2012,21.7820398788907,0.7026464477061235
2,29,10.50875555136016,2012,18.49124444863984,0.6376291189186637
3,31,12.52659017406465,2012,18.47340982593533,0.5959164459979122
10,31,21.7499529373452,2012,9.250047062654804,0.2983886149242978
11,30,14.604981737882731,2012,15.395018262117274,0.5131672754039285
12,31,13.981270810352957,2012,17.01872918964705,0.5489912641821786
1,31,11.388254402308498,2013,19.6117455976915,0.6326369547642408
2,28,11.910836073107744,2013,16.089163926892258,0.5746129973890245
3,31,13.3603031310867,2013,17.639696868913294,0.5690224796423747
10,31,28.1776116279486,2013,2.822388372051412,0.0910447861951953
11,30,16.106171481796228,2013,13.893828518203772,0.46312761727344
12,31,13.55306095205657,2013,17.446939047943427,0.5628044854175223
1,31,14.182911741302568,2014,16.81708825869744,0.5424867180225128
2,28,19.546990035247145,2014,8.453009964752857,0.3018932130268766
3,31,15.046615853256323,2014,15.953384146743684,0.5146252950562505
10,31,17.93094310668701,2014,13.069056893312984,0.4215824804294055
11,30,15.559327589269804,2014,14.440672410730205,0.4813557470243425
12,31,13.104423040164964,2014,17.895576959835033,0.5772766761237208
1,31,14.106076302283146,2015,16.89392369771685,0.5449652805715168
2,28,13.247151587410544,2015,14.75284841258946,0.5268874433067573
3,31,13.512151502170664,2015,17.487848497829333,0.5641241450912878
10,31,17.54646154798875,2015,13.453538452011246,0.4339851113551453
11,30,16.283349591158796,2015,13.716650408841192,0.4572216802946787
12,31,16.414919726020354,2015,14.585080273979642,0.4704864604509527
1,31,9.745047788850393,2016,21.2549522111496,0.6856436197144865
2,20,13.088297221041357,2016,6.911702778958656,0.3455851389479512
3,31,12.0948757518805,2016,18.90512424811949,0.6098427176812925
10,31,25.73174127124045,2016,5.26825872875953,0.1699438299599413
11,30,21.97650572031884,2016,8.023494279681145,0.2674498093227058
12,31,11.18244978934304,2016,19.81755021065696,0.6392758132470023
1,31,15.934496585615692,2017,15.065503414384317,0.4859839811091586
2,28,15.59887208662589,2017,12.40112791337411,0.4428974254776394
3,31,12.54968843468315,2017,18.45031156531684,0.5951713408166894
10,31,25.152037254225267,2017,5.847962745774737,0.1886439595410772
11,30,16.665437656184004,2017,13.334562343815998,0.4444854114605032
12,31,16.840920034088718,2017,14.159079965911271,0.4567445150293682
1,31,12.872577854582689,2018,18.12742214541732,0.584755553077992
2,28,8.936872459030788,2018,19.0631275409692,0.6808259836060537
3,31,15.42076950106236,2018,15.579230498937632,0.502555822546363
10,31,19.025322358854343,2018,11.974677641145648,0.3862799239078973
11,30,10.835619167732265,2018,19.16438083226772,0.63881269440901
12,31,9.295224801660652,2018,21.704775198339348,0.7001540386560781
1,31,10.49249792668298,2019,20.50750207331701,0.6615323249457049
2,28,12.20061729938252,2019,15.799382700617478,0.5642636678792061
3,31,9.954372748635544,2019,21.04562725136444,0.6788912016568946
10,31,22.795186097333342,2019,8.204813902666656,0.26467141621498
11,30,22.59109664328964,2019,7.408903356710346,0.2469634452236693
12,31,12.022105893714237,2019,18.977894106285767,0.6121901324608394
1,31,10.02125298286871,2020,20.97874701713128,0.6767337747461597
2,29,7.874139521479575,2020,21.125860478520416,0.7284779475352124
3,31,12.064519993149489,2020,18.935480006850508,0.6108219357048594
10,31,28.51685204483244,2020,2.4831479551675546,0.0801015469408775
11,30,14.131756668635113,2020,15.868243331364882,0.5289414443788683
12,31,18.410473547595263,2020,12.589526452404732,0.4061137565291499
1,31,16.00288505368998,2021,14.997114946310022,0.4837779014938638
2,28,16.275854957506255,2021,11.724145042493728,0.4187194658033181
3,31,13.572245135920255,2021,17.427754864079738,0.5621856407767483
10,31,23.927817242804924,2021,7.0721827571950735,0.2281349276513973
11,30,19.53639330247067,2021,10.463606697529327,0.3487868899176432
12,31,14.868171374448188,2021,16.131828625551808,0.520381568566192
1,31,10.981971253256958,2022,20.01802874674303,0.6457428627981743
2,28,15.277584122274108,2022,12.722415877725885,0.4543719956330589
3,31,8.141080917585924,2022,22.85891908241407,0.7373844865294313
10,19,13.636439681399224,2022,5.3635603186007685,0.2822926483473928
11,30,18.337335561578087,2022,11.662664438421896,0.3887554812807
12,31,17.976305873461477,2022,13.02369412653852,0.4201191653721763
1,31,16.596664072522934,2023,14.403335927477066,0.4646237395960193
2,28,14.87357663706804,2023,13.12642336293195,0.4688008343904182
3,31,13.824294100840037,2023,17.17570589915996,0.5540550290051575
10,31,20.06220273344718,2023,10.937797266552815,0.3528321698887675
11,30,14.161496742420915,2023,15.838503257579076,0.5279501085859877
12,31,17.106117265617897,2023,13.893882734382103,0.4481897656252177
1,31,10.43073699484904,2024,20.569263005150955,0.6635246130693558
2,29,10.198655517089517,2024,18.80134448291048,0.6483222235486951
3,31,14.719603473714876,2024,16.280396526285113,0.5251740814930522
