year,month,NCP,MOI
1948,1,-1.4901853,-1.4204913
1948,2,1.0858272,0.38686675
1948,3,2.8554282,1.6634517
1948,4,0.03856182,-0.9832218
1948,5,-0.950632,-0.78303075
1948,6,-1.3168534,0.58606505
1948,7,0.24062973,1.2056509
1948,8,-0.7144635,0.81288975
1948,9,0.30296576,0.5376066
1948,10,0.3288409,-0.92464864
1948,11,1.07188,0.95274913
1948,12,1.7095416,-0.6703143
1949,1,0.66178995,0.6003827
1949,2,2.442419,1.1864063
1949,3,0.17342833,0.012007564
1949,4,-0.007536173,-0.4867006
1949,5,-0.6390544,-0.3666222
1949,6,-0.19368339,0.12056419
1949,7,0.36409855,1.2616994
1949,8,-0.07568669,1.2080209
1949,9,1.023483,-0.30530417
1949,10,0.62291974,0.060875654
1949,11,-1.2729311,-1.5345323
1949,12,-1.0715805,-0.42125624
1950,1,2.2898057,-0.58599705
1950,2,-0.5189843,0.22081983
1950,3,0.793086,0.12677097
1950,4,-2.2539582,-0.16968983
1950,5,0.2342611,-0.1101554
1950,6,0.2843883,0.5294397
1950,7,-0.059939086,0.8785883
1950,8,-0.18623412,0.12837446
1950,9,-0.68611145,0.37649202
1950,10,-0.16305694,-0.27212697
1950,11,-1.6029595,-0.33401516
1950,12,-1.9701426,-2.642242
1951,1,-0.79805124,-0.9219327
1951,2,-1.1039646,-1.6372437
1951,3,-1.8248847,-1.354517
1951,4,-1.9950327,-0.4235505
1951,5,-0.22244407,-0.8006331
1951,6,-0.65659815,0.3976758
1951,7,-0.25691843,0.9592166
1951,8,-1.5258675,0.3036251
1951,9,0.05141747,-0.059728622
1951,10,1.1253868,-1.2581625
1951,11,-0.93757105,-1.4564879
1951,12,-0.09728694,-0.06178975
1952,1,-1.1578094,-0.7018268
1952,2,-0.84281003,0.43561184
1952,3,0.22316533,-1.1172426
1952,4,0.46781653,-0.5193319
1952,5,-0.25114602,-0.053916693
1952,6,-0.68665814,0.4323268
1952,7,-0.48639333,0.7539567
1952,8,-0.7860851,0.4562949
1952,9,-1.1954745,0.2830748
1952,10,-0.7296828,-0.29742882
1952,11,-1.3728106,-0.6575611
1952,12,-0.8002217,-0.84752697
1953,1,0.96197414,-0.28438786
1953,2,0.84306854,0.016486764
1953,3,2.238755,0.7800666
1953,4,-1.7612175,-0.8736867
1953,5,0.14725822,0.10558936
1953,6,-0.19438064,-0.36226642
1953,7,-1.1687651,1.3478379
1953,8,-0.9052396,1.3185928
1953,9,0.30070543,0.287833
1953,10,1.1514969,-0.3084301
1953,11,1.3994638,0.42007184
1953,12,1.2305794,-1.1386378
1954,1,0.5945265,-0.61262727
1954,2,0.3461603,-1.3566475
1954,3,-0.75852823,-1.4911976
1954,4,-0.16505036,-0.28441536
1954,5,-0.59892184,-0.0048211217
1954,6,-0.8234464,0.47541255
1954,7,-1.5949882,1.7009183
1954,8,-0.7224686,1.0777106
1954,9,-1.1483257,0.98401856
1954,10,-0.09980833,0.74420315
1954,11,-0.9347933,-0.8105432
1954,12,-1.35715,0.098104
1955,1,-0.4356168,-2.479774
1955,2,-1.3545569,-2.1506581
1955,3,0.1476785,-1.267249
1955,4,0.43905118,0.5195938
1955,5,-1.4346399,0.12263156
1955,6,-0.72679347,0.9852224
1955,7,1.1577264,0.7937468
1955,8,1.0342478,0.9699519
1955,9,-0.009133041,0.54238635
1955,10,-0.7535488,-0.43671358
1955,11,1.630427,-0.33950034
1955,12,0.77686226,0.0025205612
1956,1,-0.605133,-1.0770392
1956,2,0.26080042,-1.3920187
1956,3,0.2400999,-0.692227
1956,4,-0.76897144,-1.3655051
1956,5,0.24681914,0.5173752
1956,6,-0.7837719,1.0327189
1956,7,0.1858533,1.1508036
1956,8,-1.1345596,0.5412164
1956,9,1.3794775,0.6435263
1956,10,0.7420756,0.3956055
1956,11,1.1816878,-0.6623353
1956,12,0.47166795,0.58870065
1957,1,1.3005483,0.74758995
1957,2,-1.3870822,-0.22565508
1957,3,1.2121787,-0.24407242
1957,4,0.25754464,-0.53210646
1957,5,-1.2273407,-0.25502658
1957,6,-0.37300438,0.6719496
1957,7,-0.31082565,1.1524146
1957,8,-0.5236829,0.9721244
1957,9,-1.311175,0.31214914
1957,10,0.8958434,-0.49527267
1957,11,1.3265522,-1.0159047
1957,12,0.68464214,-1.6080403
1958,1,-0.8718045,-0.587942
1958,2,-0.14376497,-0.60611355
1958,3,-0.26311076,-1.1460804
1958,4,-0.28592244,-0.08010587
1958,5,-0.6194908,0.20509088
1958,6,-0.8240924,0.261517
1958,7,-0.21329582,1.1428049
1958,8,-0.6984679,0.96073663
1958,9,1.4830239,0.4411454
1958,10,0.8394539,0.24578491
1958,11,1.0985024,-0.9830293
1958,12,-0.40043354,-2.2039201
1959,1,-1.1402419,-0.23172265
1959,2,2.8284523,0.4920776
1959,3,0.3889044,-1.1705635
1959,4,-0.5365669,-0.5287156
1959,5,0.16054356,-0.6925833
1959,6,0.34690857,0.65466136
1959,7,0.15023518,1.1330376
1959,8,1.1501424,0.87172323
1959,9,1.8428513,-0.12724775
1959,10,1.500725,-0.45505404
1959,11,-0.90396196,-1.3677078
1959,12,-1.3283703,-1.4455531
1960,1,0.03267014,-1.2666279
1960,2,-0.3817098,-1.3022838
1960,3,1.076999,-1.1768897
1960,4,-0.3652035,-0.02423793
1960,5,0.8708177,0.17778862
1960,6,0.119470954,0.57953775
1960,7,-0.76808214,1.2352425
1960,8,-0.6562575,1.0544386
1960,9,0.20400721,0.38268793
1960,10,-0.19610614,-1.3999512
1960,11,-1.4092803,-0.21590543
1960,12,-1.2872564,-2.0067859
1961,1,-0.5387838,-0.4523494
1961,2,0.7465278,1.8567507
1961,3,1.249851,1.1171389
1961,4,0.24437237,-0.8790203
1961,5,-0.47121066,-0.11054289
1961,6,-0.12199122,0.76194775
1961,7,-0.16431028,1.402406
1961,8,0.03945297,1.7479016
1961,9,0.64980197,0.50787246
1961,10,-0.4081179,-0.33184323
1961,11,0.467211,-2.4916139
1961,12,-0.16533923,-0.4403716
1962,1,-0.13036978,0.50959176
1962,2,0.043506593,0.2540319
1962,3,-1.4508212,-1.7091112
1962,4,-0.81877536,-0.26837027
1962,5,-1.2620091,0.3784726
1962,6,0.21691501,1.2958037
1962,7,-0.7066582,1.0088842
1962,8,-0.3353058,1.3783003
1962,9,-0.22166097,0.6443572
1962,10,1.5179675,-0.1693944
1962,11,-0.7257659,-1.8151388
1962,12,0.5289159,-0.5807061
1963,1,0.5704895,-1.3805442
1963,2,-1.0991931,-1.9380093
1963,3,1.0454831,0.44212535
1963,4,-0.9482464,0.13496971
1963,5,-0.64221954,0.96973926
1963,6,-0.18176165,0.31836987
1963,7,-0.22568226,1.3920821
1963,8,-0.6695152,1.0450133
1963,9,-0.08034992,0.6874663
1963,10,0.7579975,0.8463839
1963,11,-0.5861629,-0.6547228
1963,12,1.287917,-2.2279725
1964,1,3.1848252,0.80761683
1964,2,0.016177952,-0.2574697
1964,3,0.26242977,-0.9704767
1964,4,0.1200555,-0.0999496
1964,5,-0.13492298,0.55377996
1964,6,-0.064623475,0.96996146
1964,7,-0.0364635,1.9206998
1964,8,0.07520002,1.2313738
1964,9,0.41110098,1.2465498
1964,10,0.07191712,-0.3164295
1964,11,1.4676895,0.12648833
1964,12,-1.0576562,-1.5899019
1965,1,-1.046031,-0.593884
1965,2,1.7460525,-0.027608752
1965,3,-0.4927665,0.36882198
1965,4,-0.36913514,-0.21156776
1965,5,-0.47938803,0.2671272
1965,6,-0.3267855,0.9051004
1965,7,-0.8525734,0.9651039
1965,8,-0.21848536,0.9606592
1965,9,-0.44614893,0.11282182
1965,10,2.0082603,-0.53765374
1965,11,-0.59579533,-0.9691949
1965,12,-2.1097417,-0.6936088
1966,1,-0.40346295,-0.94373584
1966,2,-0.16715217,-1.3329315
1966,3,0.13513553,0.7874099
1966,4,-1.0848633,-0.2656923
1966,5,-0.2435376,0.029229477
1966,6,0.17899752,0.6536176
1966,7,-0.75100523,0.998437
1966,8,-0.4934501,0.79543567
1966,9,0.6132081,0.53356856
1966,10,-0.2419356,-1.456675
1966,11,-1.4210048,-0.03933326
1966,12,-1.5666182,0.35566363
1967,1,0.3553325,-0.09814572
1967,2,0.30189365,-0.2529636
1967,3,-0.62605184,1.15783
1967,4,-0.8218711,-0.9875506
1967,5,-1.7248249,-0.0412035
1967,6,0.21880174,0.7472708
1967,7,0.19500303,1.6446018
1967,8,-0.71969855,1.0748302
1967,9,0.08940196,0.48627418
1967,10,-1.1182257,0.19761828
1967,11,-1.1885228,-1.0579481
1967,12,0.33595932,-0.9689602
1968,1,0.44441235,0.7007297
1968,2,-0.6020007,-1.6605148
1968,3,0.27966315,-0.547671
1968,4,-0.00984323,-0.3763981
1968,5,-1.2827165,0.06685597
1968,6,0.0807209,0.6183486
1968,7,0.44643718,1.4705868
1968,8,-0.121747375,0.41190827
1968,9,-0.1957345,0.49776977
1968,10,0.62781477,0.7046159
1968,11,0.6234337,-1.9927406
1968,12,0.047313094,-1.4447925
1969,1,0.3426069,-0.19829158
1969,2,-0.9687762,-2.0467267
1969,3,0.48657078,-0.5907142
1969,4,-0.7811064,-0.45921147
1969,5,0.18169644,0.20857087
1969,6,0.34183294,0.44539535
1969,7,0.8432869,1.9026792
1969,8,0.14207137,0.6721882
1969,9,0.48079693,0.455162
1969,10,2.5431867,0.28620073
1969,11,-1.6485866,-1.0822475
1969,12,-0.46874073,-1.5202589
1970,1,-0.3270049,-1.9403076
1970,2,-1.6137304,0.0026174784
1970,3,-1.7191067,-0.8699462
1970,4,-1.5821432,0.53604436
1970,5,0.14269489,0.13060233
1970,6,0.8602851,0.60629547
1970,7,-0.7164545,1.404325
1970,8,0.42812365,0.92826515
1970,9,-0.11208725,1.0541956
1970,10,0.36746168,0.36588165
1970,11,0.022470117,0.027906895
1970,12,1.1079963,-1.0736673
1971,1,-0.22344851,-1.0852488
1971,2,1.1457279,0.7208673
1971,3,-0.39759815,-1.5578687
1971,4,0.24394666,-1.5484033
1971,5,0.30441797,-0.40287423
1971,6,-0.26738432,0.85956717
1971,7,0.10496473,1.2326757
1971,8,0.25070298,0.9154661
1971,9,0.10470629,0.5912306
1971,10,1.758477,1.0940454
1971,11,-0.37841845,-1.4622712
1971,12,1.9556949,0.1263504
1972,1,1.0875156,-1.776056
1972,2,-0.029030085,-1.7967365
1972,3,0.7352284,-0.6584388
1972,4,-0.71811306,0.01986897
1972,5,-0.77853215,0.16714476
1972,6,-0.64923954,0.328891
1972,7,0.15656245,0.87409115
1972,8,-0.27705073,0.9463317
1972,9,0.82783294,-0.24889132
1972,10,1.0397179,-0.515218
1972,11,0.105768085,0.0049455166
1972,12,0.5932099,-0.47818708
1973,1,2.2466404,-0.027665854
1973,2,-0.18636239,-0.17340878
1973,3,1.1884971,-0.018627048
1973,4,-1.4884506,-0.13803172
1973,5,-0.74392945,0.31824517
1973,6,0.14933348,0.59762084
1973,7,0.41777045,0.9174369
1973,8,0.4819082,1.4502336
1973,9,1.1879644,0.4734558
1973,10,1.0318451,0.3775235
1973,11,0.47887984,0.43601573
1973,12,0.06137854,-2.0387907
1974,1,0.30974507,1.2254782
1974,2,-0.6121035,-1.314453
1974,3,-0.38412222,-1.2226593
1974,4,0.8410103,-0.91226923
1974,5,-0.64000034,-0.13512942
1974,6,-0.18798351,0.544124
1974,7,-0.9772582,1.7960035
1974,8,0.2273342,1.1690276
1974,9,-1.5619433,0.53425443
1974,10,-1.6706617,-0.16942754
1974,11,-0.66957843,-0.09516603
1974,12,-0.9380977,1.8420681
1975,1,0.17195833,0.69311523
1975,2,2.4476602,0.27928072
1975,3,-0.54359186,-2.1524496
1975,4,-1.1804432,0.023542225
1975,5,-0.37207487,-0.31078702
1975,6,-0.08553219,0.85729563
1975,7,0.10146463,1.3249544
1975,8,1.0833011,1.015067
1975,9,-0.5655043,0.94962037
1975,10,1.7139134,0.5986241
1975,11,0.4087796,-0.71167445
1975,12,1.4547472,-0.36913055
1976,1,0.8764604,0.47592998
1976,2,1.7652262,-0.46392363
1976,3,-0.5939146,0.42726582
1976,4,-0.09310707,-0.8710067
1976,5,-0.64920706,0.10600597
1976,6,0.48597753,0.82094765
1976,7,0.9087896,0.93292457
1976,8,0.61649,0.77363014
1976,9,0.1614945,-0.046514325
1976,10,0.5635529,-1.439148
1976,11,-0.37078273,0.25286227
1976,12,-1.9316586,-2.175049
1977,1,-0.6880131,-1.7666978
1977,2,-0.8967943,-0.71454555
1977,3,-0.1264283,0.028279185
1977,4,-1.9034613,0.5623913
1977,5,-0.78833747,-0.4882462
1977,6,-0.55006266,0.614205
1977,7,-0.073658824,0.96296793
1977,8,0.26809525,0.5369558
1977,9,0.7586154,0.87908715
1977,10,1.1934088,-0.46377686
1977,11,-1.2034812,-0.5757457
1977,12,1.3617382,-0.18171144
1978,1,-0.63787377,-0.8835005
1978,2,-0.80867624,-1.9774787
1978,3,-1.420908,0.56903875
1978,4,-0.0011202693,-1.3276483
1978,5,0.30319053,-0.056803823
1978,6,-0.30837756,0.44364396
1978,7,-0.14330775,1.669212
1978,8,0.25666475,1.0358605
1978,9,0.27151483,0.99657613
1978,10,1.7995596,0.55883664
1978,11,1.7583504,0.8881699
1978,12,0.47331417,-1.6857572
1979,1,-0.99283457,-2.1796608
1979,2,0.22152042,-1.4550414
1979,3,-1.7568728,-0.7881769
1979,4,-0.44049722,-0.050055727
1979,5,-1.6880128,0.4800259
1979,6,0.91154605,0.7048341
1979,7,-0.20849466,1.2082214
1979,8,-0.8414705,0.6010613
1979,9,0.31246036,0.8193563
1979,10,0.79022807,-1.3978796
1979,11,-1.0563835,0.3723334
1979,12,-0.6437703,0.080280185
1980,1,0.19295287,-1.4440275
1980,2,0.557738,0.7668018
1980,3,-0.7040811,-0.4571545
1980,4,0.13424215,0.2921502
1980,5,-0.43976507,-0.33835095
1980,6,-0.6960262,0.7435129
1980,7,-0.34616113,1.1815811
1980,8,0.54307187,1.2173129
1980,9,0.59569347,1.0097437
1980,10,-0.8563578,-0.13909759
1980,11,0.40555197,-0.5703045
1980,12,-0.38841686,0.55797493
1981,1,-0.15268365,1.6540384
1981,2,0.02458775,-0.13957542
1981,3,-0.25610924,-0.40442508
1981,4,1.1335979,-0.67131525
1981,5,-0.59901965,-0.29786426
1981,6,-0.6410168,0.7883533
1981,7,-0.59962523,1.7732689
1981,8,0.05613482,1.1350315
1981,9,-0.09704304,0.64588183
1981,10,-2.1877503,0.043671936
1981,11,-1.6011298e-05,1.3651581
1981,12,-2.32991,-2.208291
1982,1,0.9857915,-0.2559845
1982,2,1.6743376,-0.1066193
1982,3,0.11913586,0.14248538
1982,4,-0.072707295,-0.17660376
1982,5,-0.46036142,0.42690727
1982,6,-0.09683454,0.39220712
1982,7,0.4104178,0.7422546
1982,8,-0.5154954,1.0085694
1982,9,-0.059873104,0.4943375
1982,10,0.17985143,-0.40864307
1982,11,-0.43727028,-0.42826164
1982,12,-0.6834774,0.029689074
1983,1,1.0603096,2.6055055
1983,2,0.6219727,-0.9203732
1983,3,0.19939631,0.03953761
1983,4,-2.0576715,-1.0538579
1983,5,-1.1024475,-0.04882312
1983,6,0.16358268,0.45094904
1983,7,0.6513027,0.48389125
1983,8,1.2631845,0.64661586
1983,9,0.25044936,0.80204314
1983,10,0.5643252,0.9174107
1983,11,1.6287732,-1.0129286
1983,12,0.35235584,-0.54427683
1984,1,-2.0290337,0.078021765
1984,2,-0.30899733,-0.1833303
1984,3,-0.9747778,-0.613081
1984,4,0.5629943,-0.62834346
1984,5,-0.6918349,-1.335433
1984,6,-0.13983256,0.7764351
1984,7,-0.14522338,1.4653685
1984,8,0.86600757,0.86172026
1984,9,-0.47480056,-0.05100915
1984,10,0.35391515,0.38019353
1984,11,-0.11948937,-1.8263415
1984,12,0.21210241,0.22506726
1985,1,-0.33338857,-1.1981113
1985,2,1.009882,-0.27499616
1985,3,-0.9321847,-0.56592
1985,4,-0.2160654,-0.35784236
1985,5,0.035599574,-0.7019964
1985,6,-0.7559127,0.27579063
1985,7,0.29760027,0.9908774
1985,8,-1.1298239,1.4383346
1985,9,0.33651507,1.1552192
1985,10,2.311172,0.30343968
1985,11,-0.772508,-1.3461772
1985,12,0.06274134,-0.20546651
1986,1,-1.0332291,-0.33373123
1986,2,0.06663036,-2.3692038
1986,3,-0.8495238,-0.09380013
1986,4,-2.0233612,-0.7397813
1986,5,-0.13878983,0.3274274
1986,6,0.5917798,0.5326183
1986,7,0.27144915,1.0476065
1986,8,-0.50001454,0.49996042
1986,9,0.813081,0.59755826
1986,10,0.46925607,0.17664644
1986,11,-0.334252,0.6519379
1986,12,0.8272907,0.990414
1987,1,1.5603153,-1.679782
1987,2,0.050442636,-1.0827961
1987,3,-0.8514775,0.22495303
1987,4,1.15819,-0.3436996
1987,5,-0.6729659,-0.079982504
1987,6,-1.7059467,0.49592078
1987,7,-0.08529127,0.7012117
1987,8,-0.10179055,0.4814688
1987,9,0.65397304,0.62926185
1987,10,-1.119993,-0.7194021
1987,11,0.7211032,-0.8461652
1987,12,1.5375412,-0.3848657
1988,1,-0.8789271,-0.81597096
1988,2,-1.4743892,0.32391995
1988,3,-1.512042,0.15733904
1988,4,-0.098227374,-0.64914906
1988,5,-0.1406548,-0.9549039
1988,6,-0.1839701,-0.063126445
1988,7,-1.2965522,1.6197356
1988,8,-0.68992096,0.8393567
1988,9,0.024338901,0.96671224
1988,10,0.093178004,-0.3703586
1988,11,1.5827782,-0.8506715
1988,12,1.6344298,1.3863456
1989,1,2.7146683,1.5363061
1989,2,0.37839544,0.28184187
1989,3,-1.1031755,0.05491361
1989,4,-0.7686385,-1.3102114
1989,5,0.46111274,-0.28879523
1989,6,-0.94779813,0.23017576
1989,7,-0.02716875,1.2726223
1989,8,0.022463739,0.52538085
1989,9,0.71378654,0.020594
1989,10,0.78365177,0.34143823
1989,11,0.29181984,-1.4129512
1989,12,0.82155794,-1.7437478
1990,1,0.8050725,0.5590265
1990,2,-1.0393511,1.2335817
1990,3,1.6854682,1.2635851
1990,4,-0.538537,-0.4477553
1990,5,0.71638334,0.12959754
1990,6,-0.59426284,0.13024417
1990,7,0.36142206,1.4951043
1990,8,0.48925662,1.2678385
1990,9,0.25734633,0.36070377
1990,10,0.6708688,-1.0140188
1990,11,0.695752,-0.88092244
1990,12,-0.027581215,-0.5543413
1991,1,1.49137,0.78247106
1991,2,-0.08920342,-0.85791886
1991,3,0.7607242,-1.5657966
1991,4,-1.4749842,0.09771085
1991,5,-0.09209275,-0.079687834
1991,6,-1.8723013,0.80713093
1991,7,0.49053395,0.89637077
1991,8,1.040694,1.0763617
1991,9,0.69502294,-0.09146114
1991,10,-0.56093717,-0.5410315
1991,11,-1.0161057,-0.29104453
1991,12,2.200243,1.8582032
1992,1,3.1182418,0.5122812
1992,2,1.2609447,1.2939798
1992,3,-0.50886095,-0.30076945
1992,4,-0.5609698,-0.7687505
1992,5,0.57622755,0.2342889
1992,6,0.85719866,0.047021985
1992,7,0.20626569,1.2124455
1992,8,-0.3296208,1.0729928
1992,9,-0.61129826,0.7855741
1992,10,-0.32646042,-1.7627362
1992,11,-0.48164454,0.92199004
1992,12,0.47943252,-0.81157464
1993,1,0.9708714,1.6292903
1993,2,2.5601463,0.42833412
1993,3,1.3127545,-0.14221436
1993,4,-0.19031498,-0.7108696
1993,5,-0.05908525,-0.6121402
1993,6,0.33981377,0.5164236
1993,7,-0.8254035,1.2670857
1993,8,-0.081787705,1.0413145
1993,9,0.66012836,-0.36934543
1993,10,0.36965513,-1.0090269
1993,11,0.74966943,-0.8494032
1993,12,-1.3396268,0.2937008
1994,1,-0.62273276,0.49096042
1994,2,1.3185457,-1.392703
1994,3,-0.31424928,0.81315225
1994,4,-1.1168861,-0.04121062
1994,5,-0.33880842,-0.5006393
1994,6,-0.0069895983,1.2640492
1994,7,1.449316,1.041874
1994,8,-0.036135077,0.5848569
1994,9,-0.692809,-0.08764088
1994,10,-0.5999477,-0.45370504
1994,11,1.6335248,0.75374013
1994,12,0.43868202,0.24915886
1995,1,-1.1771235,0.18792081
1995,2,-0.7763825,0.29348624
1995,3,-1.4979353,-0.46690285
1995,4,-0.8309753,-0.13579407
1995,5,-0.8680808,-0.14248985
1995,6,-0.040756226,-0.068042755
1995,7,0.34346175,0.9375951
1995,8,1.24805,0.5007978
1995,9,-0.61604345,-0.12506351
1995,10,1.0738914,0.5901852
1995,11,0.46334875,-1.0803156
1995,12,1.2387531,-2.3504083
1996,1,0.3061806,-2.467185
1996,2,-0.5459409,-0.9951334
1996,3,-0.112344995,-1.0710039
1996,4,0.45002872,-0.7025113
1996,5,-1.1674304,-0.21456662
1996,6,-0.041573286,1.1975589
1996,7,-0.28386593,1.3194189
1996,8,0.085279465,0.48991883
1996,9,1.0202589,-0.5148019
1996,10,0.24328011,-0.027226865
1996,11,-2.0723026,-0.46517453
1996,12,0.4785108,-2.8337655
1997,1,2.895332,-1.2640519
1997,2,0.3842777,1.1376805
1997,3,1.4280258,1.5166364
1997,4,0.43594092,-0.41314918
1997,5,-0.13507947,-0.6911059
1997,6,-1.0717511,-0.4221462
1997,7,0.32338822,0.9909476
1997,8,0.9205769,0.33241695
1997,9,0.8528584,0.24263608
1997,10,0.19151986,-0.62699807
1997,11,-0.476901,-1.8304641
1997,12,0.6072858,-1.4113139
1998,1,0.11584556,-0.379883
1998,2,2.663575,1.0115288
1998,3,0.18682165,1.0310256
1998,4,-0.76347256,-1.2522813
1998,5,0.23170227,-0.6375983
1998,6,-1.251704,0.4354151
1998,7,-1.1051238,1.0616646
1998,8,0.06613541,1.2453077
1998,9,0.0878275,-0.40200537
1998,10,-0.66247576,0.38527924
1998,11,0.4598065,-0.15653163
1998,12,0.40232575,0.11027789
1999,1,-0.36488903,-0.25893152
1999,2,-0.13196707,0.13945019
1999,3,0.11147332,-1.0024858
1999,4,-0.31349254,-0.5657452
1999,5,0.64354074,-0.36160114
1999,6,-0.37488484,0.8354037
1999,7,0.20940042,0.86874187
1999,8,-0.30750608,0.17322636
1999,9,0.43925577,-0.28449905
1999,10,-0.17658806,-0.28745073
1999,11,1.4554808,-0.47526193
1999,12,-1.4034474,-0.08261871
2000,1,1.4126058,0.9526253
2000,2,0.40299308,1.3571762
2000,3,0.7364383,-0.27534282
2000,4,-1.3885908,-1.403996
2000,5,0.8135808,-0.18575445
2000,6,-0.14227194,1.4394262
2000,7,-0.7509222,0.9651252
2000,8,0.18002117,1.1659086
2000,9,0.40729836,0.049498796
2000,10,-0.7066125,-0.56843567
2000,11,-2.2387552,-1.1015475
2000,12,-0.25181007,-1.1378942
2001,1,-0.14845979,-1.4778544
2001,2,0.77950466,0.028109193
2001,3,-0.9031634,-0.98902035
2001,4,-1.62661,0.14754763
2001,5,0.28414035,0.09219733
2001,6,0.11387858,0.90580803
2001,7,-0.22463393,1.1203036
2001,8,0.4745612,0.90333486
2001,9,-0.2515027,-0.04748407
2001,10,0.97304386,0.3560467
2001,11,1.0548605,-0.49380708
2001,12,0.31483856,0.15739715
2002,1,1.4463311,1.1260262
2002,2,-0.59702325,0.62849605
2002,3,0.8861188,0.014261536
2002,4,-0.0220685,-0.8261708
2002,5,0.31128165,-0.25304174
2002,6,0.031799853,0.7364114
2002,7,-0.7042657,0.9194464
2002,8,0.9745631,0.57441723
2002,9,0.70829564,-0.10800545
2002,10,-0.3160355,0.020723097
2002,11,-0.36625248,-1.3767409
2002,12,1.4437023,-0.7240509
2003,1,0.2722472,-0.4311329
2003,2,1.2509491,-0.15774083
2003,3,1.2143724,0.9481548
2003,4,0.087934405,-0.5307325
2003,5,-0.8375433,0.9571404
2003,6,0.62335503,0.61735684
2003,7,-0.10365772,1.2889562
2003,8,0.13506198,1.0152736
2003,9,0.17885923,0.74378145
2003,10,-0.5662598,-1.2017957
2003,11,0.055883914,-1.0239179
2003,12,0.4479298,-0.29194736
2004,1,-1.2804093,0.21240453
2004,2,0.61651164,-0.315763
2004,3,0.44650087,-0.11255443
2004,4,0.40292653,-0.6830334
2004,5,-0.4303762,-0.196432
2004,6,-0.19640929,0.7962031
2004,7,-0.6729165,1.3161831
2004,8,-0.46623093,0.6249229
2004,9,0.2867229,0.81634825
2004,10,-0.29806545,-0.9476192
2004,11,1.0934947,0.032877862
2004,12,0.86252344,-1.2068627
2005,1,0.39821595,1.6106863
2005,2,-0.1330111,-0.33461738
2005,3,1.0389655,-0.38488212
2005,4,-0.60052204,-0.43747872
2005,5,-1.1974666,0.12805556
2005,6,0.474061,0.7254573
2005,7,0.0030368567,0.90447474
2005,8,-0.01807475,1.2170626
2005,9,0.31258786,0.59496933
2005,10,0.0880155,-0.08268845
2005,11,-0.90515316,-1.020731
2005,12,-0.0053486824,-0.08699876
2006,1,1.91971,-0.34215367
2006,2,0.19377154,-0.66577363
2006,3,-0.57016104,-0.7337142
2006,4,-0.8861771,-0.39734092
2006,5,-0.7008225,-0.02254419
2006,6,0.020621538,0.46062014
2006,7,1.266189,1.3019892
2006,8,-0.5550245,0.80935454
2006,9,0.5210622,0.07229972
2006,10,0.2507738,-0.23912267
2006,11,0.0013873577,0.20060265
2006,12,1.2200152,0.39204872
2007,1,0.2633161,0.44454002
2007,2,0.62018466,0.06456676
2007,3,-0.22246817,-0.16518894
2007,4,1.475043,-0.4323178
2007,5,-0.5936866,0.25301486
2007,6,0.24669206,0.4883635
2007,7,-0.88225955,1.4212813
2007,8,-0.5518818,0.601382
2007,9,0.08975935,0.66883147
2007,10,0.451306,-0.34303775
2007,11,0.82172006,-0.6663121
2007,12,0.64807856,0.56183815
2008,1,-0.5798439,0.6406753
2008,2,1.470859,0.5510881
2008,3,-1.3245203,-0.5295148
2008,4,-1.0552158,-0.5901906
2008,5,0.40842372,-1.1714075
2008,6,-0.16720796,0.7929441
2008,7,-0.5470928,1.1469889
2008,8,-0.62635416,1.0472522
2008,9,0.47509974,0.13187021
2008,10,-0.73724616,-0.5557527
2008,11,-0.34748775,-1.1426651
2008,12,-0.27523988,-1.1842467
2009,1,-0.06415784,-2.0035057
2009,2,-0.24820048,-0.8208685
2009,3,-0.21649134,-0.8612157
2009,4,1.1938425,-0.6077634
2009,5,-0.06421813,0.07543082
2009,6,-0.6247294,0.4510852
2009,7,-0.4628108,1.2077181
2009,8,0.12541938,0.7312018
2009,9,0.6235838,0.29064676
2009,10,0.030872643,0.15641187
2009,11,-1.6689118,-0.5400988
2009,12,-0.70125663,-2.2055254
2010,1,-0.17782664,-1.8747761
2010,2,-1.3526046,-2.5608382
2010,3,0.4609663,-0.42354688
2010,4,-0.11595439,-0.0860534
2010,5,-0.9417517,-0.19351256
2010,6,-0.14202154,0.25753558
2010,7,-0.57945025,1.1476486
2010,8,-0.9919243,1.2586246
2010,9,-0.30439627,0.21642956
2010,10,-0.11663294,-1.1303656
2010,11,-1.3494644,-2.1268132
2010,12,-0.87364346,-1.5936403
2011,1,-0.051187634,-0.30916095
2011,2,1.0849521,0.471297
2011,3,1.2903146,-0.9467013
2011,4,1.1320169,-0.096536785
2011,5,-0.37241912,0.2347792
2011,6,-0.03899932,0.8527037
2011,7,-0.9743271,0.6338446
2011,8,-0.40810823,0.7517672
2011,9,0.03216648,0.89167964
2011,10,0.51239944,0.26702258
2011,11,2.0734653,-1.3161117
2011,12,-1.2677857,0.56227684
2012,1,-0.430609,1.0683892
2012,2,1.0075984,0.5927744
2012,3,2.735572,0.75395966
2012,4,-2.1708088,-1.7876183
2012,5,-0.44233721,0.28965372
2012,6,-1.3156714,0.5705698
2012,7,-1.0340874,1.4810126
2012,8,-0.5237615,0.91738856
2012,9,-0.018363357,0.18625948
2012,10,-0.8199427,-1.1293001
2012,11,-0.31426358,-1.4737909
2012,12,-1.1389135,0.19666064
2013,1,0.70127237,-0.59276867
2013,2,-0.056554914,-1.182556
2013,3,-0.1734407,-2.6176162
2013,4,-0.9461403,-0.83079255
2013,5,-0.7586838,-0.10745773
2013,6,-0.22219092,1.1708858
2013,7,0.946867,1.4640256
2013,8,-0.111833334,1.1393747
2013,9,0.29581183,0.4398278
2013,10,0.36957815,-0.3188749
2013,11,-0.34803662,-0.34479874
2013,12,0.592385,0.6718105
2014,1,-0.36473906,-1.7105238
2014,2,-1.4558988,-1.0329704
2014,3,0.5820383,0.052332386
2014,4,0.86061645,-0.57518035
2014,5,-0.95414704,0.0584609
2014,6,0.04817891,0.22347426
2014,7,0.8086826,0.49895287
2014,8,-1.3470618,0.6024806
2014,9,1.17995,-0.2885248
2014,10,0.7225581,-0.23615849
2014,11,-0.27816752,-2.5691495
2014,12,0.19652826,0.08288884
2015,1,-0.09329808,0.13006353
2015,2,-0.14421272,-0.6295503
2015,3,-0.092535615,-0.17458785
2015,4,0.7336513,0.10614747
2015,5,-1.0045875,0.4879205
2015,6,-0.46703267,0.7077472
2015,7,0.08855742,0.68606925
2015,8,0.46888447,0.46566838
2015,9,-0.20488054,0.099147975
2015,10,1.796438,-0.5012609
2015,11,0.54536045,1.3536451
2015,12,1.5385768,1.6262517
2016,1,-0.7486954,-0.40258396
2016,2,-1.5328194,-1.0765591
2016,3,0.16310084,-0.8339546
2016,4,-1.0463512,-0.76405406
2016,5,-0.20146888,-0.43046373
2016,6,-0.084679306,0.5880569
2016,7,-0.2740723,1.5057312
2016,8,-0.7748674,1.3310173
2016,9,1.188022,0.7352138
2016,10,0.9941235,-0.40984142
2016,11,0.16095683,-1.3697277
2016,12,2.8776138,0.544958
2017,1,1.3395265,-0.8330281
2017,2,1.0291084,-1.054039
2017,3,-0.12103453,0.49442226
2017,4,0.36729124,0.19064963
2017,5,0.70160913,-0.0148487985
2017,6,0.3786587,0.1419422
2017,7,-0.2644325,1.1685694
2017,8,-0.7255839,0.93173206
2017,9,-0.6272187,0.3172592
2017,10,0.95332533,1.1215177
2017,11,-0.57490695,-0.3971362
2017,12,-0.91181946,0.34980893
2018,1,-1.0460633,-0.04617405
2018,2,-0.27407217,-1.4464438
2018,3,-0.19464266,-2.3559399
2018,4,0.20687795,-0.7999025
2018,5,0.863948,0.2571944
2018,6,1.2918117,0.38224965
2018,7,0.0324229,0.84033877
2018,8,0.097180605,0.9418225
2018,9,-0.040600657,0.7559574
2018,10,0.8982226,-1.2296963
2018,11,0.49567348,-1.1915126
2018,12,-0.15164618,0.9985881
2019,1,0.49742824,-0.32198435
2019,2,1.3300833,1.2505248
2019,3,0.17658138,1.008075
2019,4,0.2806826,-1.446667
2019,5,-0.6697443,-0.025273293
2019,6,-0.017989337,0.04542786
2019,7,0.33863866,0.46738446
2019,8,0.007071793,0.770964
2019,9,0.877916,0.48318166
2019,10,-0.5777569,-0.15795067
2019,11,-1.4964538,-2.0506089
2019,12,-0.32021976,-0.5109485
2020,1,1.472377,0.5549331
2020,2,-0.45216453,1.1316526
2020,3,-0.35197988,-0.13330008
2020,4,1.3426867,-0.61925125
2020,5,-0.08860046,-0.0717548
2020,6,-0.1606406,0.13117796
2020,7,-0.82960784,1.3575826
2020,8,0.21131146,0.7381435
2020,9,0.5551714,0.76533014
2020,10,-1.1139859,-0.100718796
2020,11,0.67458546,0.48408556
2020,12,-1.7913474,-1.6647375
2021,1,-0.80026186,-1.4751164
2021,2,1.2528555,-0.66048884
2021,3,1.4995494,0.55462563
2021,4,-0.5574005,-1.1553276
2021,5,-2.2317207,0.20937061
2021,6,-0.0399369,0.02026549
2021,7,0.091869116,0.7723861
2021,8,-0.6573353,0.6768523
2021,9,1.2904986,0.38033846
2021,10,-0.10976443,0.18211132
2021,11,0.7334374,-1.4534101
2021,12,0.33455002,-0.13341045
2022,1,1.5775713,1.4536957
2022,2,-0.3428728,0.97895443
2022,3,1.5440569,-1.2853248
2022,4,-0.35796377,-0.6643703
2022,5,0.50345224,0.045453697
2022,6,0.26556534,0.4851588
2022,7,0.25059128,1.5108414
2022,8,-0.27166533,0.5719756
2022,9,-0.16807222,-0.47241116
2022,10,0.11252731,0.6005435
2022,11,0.08783966,-0.22918418
2022,12,-1.1044704,-1.3021982
2023,1,-0.44875163,0.2342025
2023,2,2.139973,0.46835244
2023,3,-0.79509676,0.25864336
2023,4,-0.54963183,-0.04237905
2023,5,-0.010354519,0.07235968
2023,6,0.8427509,0.15460807
2023,7,-1.0926654,0.8423926
2023,8,-0.27342504,0.5269802
2023,9,0.29005814,0.555675
2023,10,0.22411959,-0.51138115
2023,11,-1.1706723,-0.39725706
2023,12,0.121148825,0.65006644
2024,1,0.9434634,0.069779515
2024,2,0.29189295,-0.7153514
2024,3,-0.49708152,-1.7138262
2024,4,-1.234207,0.330679
2024,5,0.8051662,-0.49670607
2024,6,-0.70959044,0.48586196
2024,7,-0.32431674,1.0808032
2024,8,0.39623332,0.3660252
2024,9,-0.5632769,-0.07999104
2024,10,0.07345486,-0.57067853
2024,11,0.9860625,0.020409107
2024,12,1.0960293,0.8642318
2025,1,-0.05983138,-0.71616757
2025,2,0.35580552,-0.13058102
2025,3,0.6837621,-1.8998804
2025,4,0.7357723,-0.5199524
2025,5,-0.053926528,-0.08028343
2025,6,0.15732557,0.9835303
2025,7,0.25002038,1.0575999
2025,8,0.37236416,0.5893701
2025,9,-0.34644657,0.6090484
2025,10,-0.18830344,-0.23208944
2025,11,-0.6773108,-0.7672777
2025,12,1.1570554,-1.0552025
2026,1,-1.0057502,-2.878583
2026,2,-0.47977924,-1.2146446
