snow,driver,n,r_pearson,p_pearson,r_detrended,p_detrended,r_spearman,p_spearman,family,q_pearson,sig_pearson,q_detrended,sig_detrended
sca_mean,t2m_djfm,24,-0.7750356980332997,6.158504232337999e-06,-0.7343660329250292,7.915383176821375e-05,-0.7313043478260869,3.671680532322771e-05,climate,0.00019296646594659062,True,0.0017415585859095037,True
sca_mean,t2m_ondjfm,24,-0.7058918151040607,0.00010542542388654846,-0.6331030752842023,0.0013134347034845814,-0.6208695652173912,0.001123931595283501,climate,0.001237464749283048,True,0.009877028970204052,True
sca_mean,tmin_djfm,24,-0.723057887113445,0.00011699975656148938,-0.6464180482472967,0.0005897387912252082,-0.7208695652173912,0.00012552237366355172,climate,0.001237464749283048,True,0.0058353101447546915,True
sca_mean,tmax_djfm,24,-0.7017015295761929,0.00010888599233772565,-0.6728998756625659,0.0004212823245948165,-0.7069565217391304,9.167232913242466e-05,climate,0.001237464749283048,True,0.004950067313989094,True
sca_mean,precip_ondjfm,24,0.141594633461319,0.5094324021351424,0.19836009998077997,0.35233565828814895,0.18,0.40016689244194326,climate,0.6924255289692474,False,0.590344949899456,False
sca_mean,precip_djfm,24,0.28468133574211485,0.17738024575795502,0.338417554438951,0.10572607287266646,0.33652173913043476,0.10770658369288166,climate,0.4017769421987415,False,0.2660591622489209,False
sca_mean,snowfall_ondjfm,24,0.86693128013207,8.555984887961841e-08,0.8373431626300921,3.3300412053473105e-07,0.8426086956521738,4.46606895214346e-07,climate,1.0723501059578842e-05,True,3.130238733026472e-05,True
sca_mean,snowfall_fraction_ondjfm,24,0.765725277900848,1.7526874306515476e-05,0.7094641628505953,0.00011289029443467094,0.7321739130434782,6.195969253434269e-05,climate,0.0003980718682256355,True,0.0022340395109176985,True
sca_mean,pdd_ondjfm,24,-0.7069967300637479,9.21659089875083e-05,-0.6378578220949387,0.0012271338426945056,-0.5991304347826086,0.0017365936932265834,climate,0.001237464749283048,True,0.009568963147054335,True
sca_mean,isotherm0_m_djfm,24,-0.7796090701108629,5.399973086937375e-06,-0.7386797830731447,6.470950161300136e-05,-0.7365217391304346,3.226556630215416e-05,climate,0.00019296646594659062,True,0.0017139899932285534,True
sca_mean,swe_max,24,0.8061516292550346,3.3663138846513872e-06,0.7915039067058647,3.2042288610472904e-06,0.7817391304347826,1.0431150817043593e-05,climate,0.0001488171507601784,True,0.00024095801035075624,True
sca_mean,NAO_ONDJFM,24,0.0664304433522443,0.7620400705871818,0.2509535682104339,0.2349396320484836,0.03652173913043478,0.8678860218337616,circulation,0.8615375211246477,False,0.4507005186236216,False
sca_mean,EA_ONDJFM,24,-0.22120733152246577,0.3022607433131558,-0.17505266563551175,0.41119603762185186,-0.17217391304347823,0.42433590146073574,circulation,0.551699220804595,False,0.6328388605266031,False
sca_mean,WP_ONDJFM,24,-0.44823322664651244,0.035179563514196294,-0.29469930336856826,0.1563935818592659,-0.348695652173913,0.10933434119345638,circulation,0.13227515881337806,False,0.3405540140887834,False
sca_mean,EAWR_ONDJFM,24,0.4415926755157461,0.035150616171054645,0.5800466383878912,0.002363198408501107,0.4269565217391304,0.04245024097548393,circulation,0.13227515881337806,False,0.014104168279308193,True
sca_mean,SCAND_ONDJFM,24,-0.1723050329478048,0.398056259791173,-0.3077384093642712,0.16241017796293572,-0.1973913043478261,0.33181758692948904,circulation,0.6561045223853437,False,0.3450069317178748,False
sca_mean,POL_ONDJFM,24,0.4001296262339733,0.048657970307206186,0.36463541789512877,0.08635202259764214,0.3139130434782608,0.12846875635502267,circulation,0.17098501715429462,False,0.22865042603319327,False
sca_mean,AO_ONDJFM,24,0.2173740875447362,0.2948828431727773,0.4043880361635093,0.058322641914845375,0.23478260869565212,0.2569228536059376,circulation,0.5488908367968528,False,0.16739933862581574,False
sca_mean,NINO34_ONDJFM,24,0.045589395108328976,0.8318711542726639,0.09253470797856268,0.6679113109473696,0.03739130434782608,0.8617904696876397,circulation,0.9039987110015076,False,0.8088651502845464,False
sca_mean,DMI_ONDJFM,24,-0.23460917591356864,0.2772680532421098,-0.005859917313146917,0.9785459285592661,-0.2121739130434782,0.32708499360109333,circulation,0.5319019796889453,False,0.9880381545789458,False
sca_mean,AMO_ONDJFM,23,-0.047246822037327954,0.8308914143265116,0.1159781969391141,0.599620069435549,-0.0029644268774703555,0.9893151278136617,circulation,0.9039987110015076,False,0.7747668251125994,False
sca_mean,NCP_ONDJFM,24,0.6391504400221957,0.0005503194251702419,0.7076012427214421,0.00016199780422805938,0.6591304347826087,0.00031865596489856967,circulation,0.004310835497166894,True,0.0026483119299891447,True
sca_mean,MOI_ONDJFM,24,0.46375570444880204,0.02164290557936682,0.5763824883919266,0.0033959792958671076,0.5208695652173913,0.008646713257396311,circulation,0.09309634052239794,False,0.018944052856593584,True
sca_mean,NAO_DJF,24,0.17854064900363067,0.4163610791460364,0.418331592130662,0.039774540114091,0.08521739130434783,0.6998696924975973,circulation,0.6561045223853437,False,0.12567417716721188,False
sca_mean,EA_DJF,24,-0.21222159217616154,0.32132609757503316,-0.1770264746405173,0.4067357886343935,-0.16347826086956518,0.4470502663317353,circulation,0.574377434822392,False,0.631953126142694,False
sca_mean,WP_DJF,24,-0.23589929417114083,0.28101041034874247,-0.10328702293307929,0.6255828629950029,-0.25999999999999995,0.23327830526354837,circulation,0.5363447425945541,False,0.7919836918724615,False
sca_mean,EAWR_DJF,24,0.5354928862102325,0.0068758312985816895,0.5648863117791735,0.004147630117132536,0.5457708326453177,0.005693533683892384,circulation,0.034936656327928584,True,0.021349165589575607,True
sca_mean,SCAND_DJF,24,-0.18334450899616428,0.37126262892010453,-0.3182301461638784,0.14614857764511446,-0.20608695652173914,0.31377746297614884,circulation,0.6345215839725423,False,0.32846765347836454,False
sca_mean,POL_DJF,24,0.5241550407480531,0.006834754067888949,0.4274967716279871,0.048476357140892476,0.4478260869565217,0.023969653026059457,circulation,0.034936656327928584,True,0.144820336630297,False
sca_mean,AO_DJF,24,0.38260144952542624,0.05925480555302544,0.5404478304012661,0.0077936349792509935,0.3808695652173913,0.060511320758715854,circulation,0.1948607692139691,False,0.035306105448173176,True
sca_mean,NINO34_DJF,24,0.040928870320947705,0.8485679238776797,0.09607045300812767,0.6565346440902404,0.01826086956521739,0.9321310435963789,circulation,0.9116043982228786,False,0.8040945478108482,False
sca_mean,DMI_DJF,24,-0.42112197416498565,0.04321040334249848,-0.2405285127199166,0.2648151431188618,-0.3460869565217391,0.1022112411898927,circulation,0.15477459397946994,False,0.4907218894272025,False
sca_mean,AMO_DJF,23,-0.016805034213355913,0.939313411284414,0.12482339264336559,0.5732863771063473,-0.0009881422924901185,0.9964284226527088,circulation,0.9567161507798994,False,0.7589988654647415,False
sca_mean,NCP_DJF,24,0.5238655470365705,0.007217059424399668,0.5368466726824145,0.008177865944153637,0.5669565217391304,0.003136687809873038,circulation,0.03618152458099033,True,0.036203496626580026,True
sca_mean,MOI_DJF,24,0.5579992923006922,0.00448629851268576,0.6797188258271925,0.00027044736130336043,0.5695652173913043,0.0035712231980292134,circulation,0.023758425926335855,True,0.0038420545570288724,True
sca_mean,NAO_SON,24,-0.2348600463497278,0.252384640430772,-0.2352365510178231,0.28474568838456066,-0.18173913043478263,0.37853259999588285,circulation,0.504769280861544,False,0.5172192214135015,False
sca_mean,EA_SON,24,-0.3332627740097822,0.10985783895404577,-0.1699464021865267,0.4413440578233755,-0.3507399065520981,0.09135600629874707,circulation,0.2922565171842555,False,0.6616407697054542,False
sca_mean,WP_SON,24,0.02371202449044113,0.9103576259000152,0.013353806844105066,0.9516655285073562,0.08480104570983024,0.6867144856663345,circulation,0.9455648269016733,False,0.9670979424831512,False
sca_mean,EAWR_SON,24,0.4985278107668989,0.010164501984958892,0.5194982724203553,0.011886258231741411,0.4452173913043478,0.023829778808782193,circulation,0.04863145848314072,True,0.04857862059929098,True
sca_mean,SCAND_SON,24,-0.13233849625606703,0.531436078615154,-0.21777839053842757,0.31206015991826513,-0.13391304347826086,0.526518935022915,circulation,0.6973893241583475,False,0.5482926174264845,False
sca_mean,POL_SON,24,0.13340057728468432,0.5524892844338349,0.03967934241019322,0.8487259120100036,0.05391304347826086,0.810972374064363,circulation,0.718809588052325,False,0.8964071430218016,False
sca_mean,AO_SON,24,-0.16379196803202406,0.4139885352825591,-0.13129452197062244,0.5655287171706441,-0.11391304347826085,0.571308702850245,circulation,0.6561045223853437,False,0.7589316814017301,False
sca_mean,NINO34_SON,24,0.0840714993710377,0.6940992488493647,0.0997846766511867,0.6447236247659369,0.05913043478260869,0.7822627470153993,circulation,0.8277665939190614,False,0.7997087620465522,False
sca_mean,DMI_SON,24,0.09037089113802968,0.6707345226538486,0.2839971256200823,0.18738760334194796,0.15130434782608695,0.474939692699454,circulation,0.8154816146638658,False,0.3806094579365236,False
sca_mean,AMO_SON,23,-0.14068283251073027,0.5246169107466676,0.029595565277661537,0.8932651700217167,-0.158102766798419,0.47400376690018686,circulation,0.6924255289692474,False,0.9221917560611658,False
sca_mean,NCP_SON,24,0.35786571924437227,0.07809786392273303,0.4841710602548669,0.019435628160074696,0.3556521739130434,0.08009133785860334,circulation,0.23681287770119047,False,0.06959805893512463,False
sca_mean,MOI_SON,24,-0.16533925133125518,0.41196535303352155,-0.10640557591385785,0.6407465976879041,-0.15304347826086956,0.44805311255847136,circulation,0.6561045223853437,False,0.7997087620465522,False
sca_max,t2m_djfm,24,-0.6785634000975137,0.00029051618520472487,-0.6469687201712189,0.0010459305076905327,-0.6721739130434782,0.00034801693654327195,climate,0.002600811562785156,True,0.008739330464258673,True
sca_max,t2m_ondjfm,24,-0.5741027373114973,0.0034201775056291904,-0.5263847106936551,0.011089127733593272,-0.528695652173913,0.008042490159111881,climate,0.019784411417178085,True,0.04616922952009233,True
sca_max,tmin_djfm,24,-0.6481505705342792,0.0005237835188289153,-0.6154955861634481,0.001247019133525698,-0.6591304347826087,0.0003892891179916011,climate,0.004190268150631322,True,0.009568963147054335,True
sca_max,tmax_djfm,24,-0.5272913189124985,0.008393443565440393,-0.489510444243186,0.017985306187083414,-0.5808695652173912,0.0030469394616428167,climate,0.04098616598189075,True,0.06565509831401324,False
sca_max,precip_ondjfm,24,0.04371235634902017,0.8392614077053652,0.06840423468714774,0.7505118995972239,0.11043478260869564,0.6074040591464828,climate,0.9094014100784361,False,0.854490336474334,False
sca_max,precip_djfm,24,0.16535362694410785,0.44008978172634416,0.1838221210589762,0.38982441458760186,0.25652173913043474,0.22635558222587304,climate,0.6648095567271594,False,0.62325694883933,False
sca_max,snowfall_ondjfm,24,0.6419115745856161,0.0006517845579282804,0.6048505495949411,0.0017357382280457118,0.7234782608695651,5.628417052083996e-05,climate,0.004805313603549675,True,0.012187767266282989,True
sca_max,snowfall_fraction_ondjfm,24,0.6194160671215527,0.0011732014469824084,0.578996512436315,0.0032276639941718715,0.6191304347826087,0.0011811629707636614,climate,0.008020431710279736,True,0.018387903966797327,True
sca_max,pdd_ondjfm,24,-0.5706183369362956,0.0037425357073148416,-0.5227720873584843,0.012144549273215944,-0.5043478260869565,0.01234210335404347,climate,0.021321112514399703,True,0.04910054329816339,True
sca_max,isotherm0_m_djfm,24,-0.6963398247475681,0.0001683927051160026,-0.6667323881053213,0.0006115375282063037,-0.6843478260869565,0.00024129421932650124,climate,0.0016662015032530783,True,0.0058958489898864146,True
sca_max,swe_max,24,0.6181547669623326,0.0011717329543809328,0.5866211330656109,0.0022651157906049594,0.7104347826086955,8.790665153666423e-05,climate,0.008020431710279736,True,0.01373683124624943,True
sca_max,NAO_ONDJFM,24,0.06729460809529669,0.7531674705568314,0.17247738933752413,0.417979591287035,0.023478260869565212,0.9127238516855354,circulation,0.8601502544364269,False,0.6355022790550571,False
sca_max,EA_ONDJFM,24,-0.24909705696846063,0.23932197626681614,-0.21929510559214668,0.3006307751750543,-0.18869565217391301,0.3760417029038151,circulation,0.4917216561547698,False,0.5357211917811394,False
sca_max,WP_ONDJFM,24,-0.39033636203993527,0.055628970357841145,-0.306797779522609,0.13821022551413017,-0.36173913043478256,0.07792172017498428,circulation,0.189493421513269,False,0.32347715436005087,False
sca_max,EAWR_ONDJFM,24,0.3040658976368852,0.14498547607981432,0.36647018972803164,0.07018659338089098,0.3539130434782608,0.08692513045579693,circulation,0.35170670326458187,False,0.19262889862200736,False
sca_max,SCAND_ONDJFM,24,-0.3489359415151463,0.10048748433000401,-0.4347799998946222,0.04455836550094526,-0.288695652173913,0.17873130391941153,circulation,0.2757904679422008,False,0.13621093844191398,False
sca_max,POL_ONDJFM,24,0.38791638759192754,0.06268235642750644,0.3589298920574351,0.09315980635870844,0.3182608695652174,0.13200414799978732,circulation,0.20144073518583266,False,0.24157301510947843,False
sca_max,AO_ONDJFM,24,0.2999600168758925,0.15829306193854462,0.41204124751316795,0.05496140573024684,0.3052173913043478,0.15077322547641728,circulation,0.37198869555557984,False,0.16073616750482378,False
sca_max,NINO34_ONDJFM,24,-0.06732362638673399,0.7549191062872896,-0.0464631765946983,0.8297947516051718,-0.023478260869565212,0.9133985527116172,circulation,0.8601502544364269,False,0.8914366474386988,False
sca_max,DMI_ONDJFM,24,-0.2871083775873776,0.17137563391343047,-0.17806109609791373,0.4110627675545876,-0.2226086956521739,0.2931229808919841,circulation,0.3929099899478649,False,0.6328388605266031,False
sca_max,AMO_ONDJFM,23,0.1602702798549985,0.4634642696950332,0.25171057082115567,0.24862247014916575,0.12252964426877472,0.5761720824775372,circulation,0.68071314611458,False,0.46741024388043156,False
sca_max,NCP_ONDJFM,24,0.582223229827881,0.003114978659461526,0.6020751673010056,0.0025212714842241376,0.608695652173913,0.0017724720455677947,circulation,0.018300499624336466,True,0.014584585816435012,True
sca_max,MOI_ONDJFM,24,0.44895788709122386,0.028097143436194013,0.5014143473460233,0.013237324562744991,0.5139130434782608,0.010368013476700117,circulation,0.1135970530323543,False,0.052391937216759124,False
sca_max,NAO_DJF,24,0.2225525020749171,0.29135292283578373,0.3659367573289371,0.0748888295501976,0.09913043478260869,0.6417768097287158,circulation,0.5450184029166899,False,0.20257697777607409,False
sca_max,EA_DJF,24,-0.23089993886268229,0.2770249037269556,-0.20670693584210437,0.3309932413979214,-0.1782608695652174,0.40398628816482685,circulation,0.5319019796889453,False,0.568280633632961,False
sca_max,WP_DJF,24,-0.2595502746984344,0.215947606039229,-0.1859637027761582,0.3752200818391448,-0.2756521739130435,0.1877827168039287,circulation,0.45873615746186497,False,0.6081153050496485,False
sca_max,EAWR_DJF,24,0.4369506871224481,0.032902039886051504,0.4359249870387344,0.03391146806403962,0.4453142092659803,0.02933658539574215,circulation,0.12886632288703506,False,0.10909144419493527,False
sca_max,SCAND_DJF,24,-0.30839496643433806,0.14859729711351388,-0.39023266463664963,0.07303757255669244,-0.2295652173913043,0.28772017075178113,circulation,0.355876329392874,False,0.19900092232837938,False
sca_max,POL_DJF,24,0.43575197744704014,0.035112035323233926,0.3732774502059311,0.09244348782226157,0.37043478260869556,0.07773803822084514,circulation,0.13227515881337806,False,0.24138021820257188,False
sca_max,AO_DJF,24,0.443168324260395,0.03139738878872055,0.5302268561011045,0.009643006421327573,0.4104347826086956,0.048087957132235404,circulation,0.12426755983746239,False,0.04216012109789729,True
sca_max,NINO34_DJF,24,-0.06957482309342805,0.747147491872253,-0.04398080414135353,0.8391037702810814,-0.04,0.8530682687581173,circulation,0.8564861492194121,False,0.8963153909820641,False
sca_max,DMI_DJF,24,-0.37697016597557553,0.06805892624787371,-0.2848033159743737,0.1853371895772133,-0.268695652173913,0.20206130017416693,circulation,0.21297932845664183,False,0.3787325178316967,False
sca_max,AMO_DJF,23,0.151206559779402,0.4912552997228963,0.22623906539608193,0.3032615104889301,0.08201581027667984,0.7100272621613335,circulation,0.6924255289692474,False,0.5378600374709326,False
sca_max,NCP_DJF,24,0.4535140263251182,0.027229956371885956,0.4449732252494244,0.03394600790108358,0.5121739130434783,0.011133622182211731,circulation,0.11128764778075129,False,0.10909144419493527,False
sca_max,MOI_DJF,24,0.610395130013149,0.0015545085208253167,0.6686940679066102,0.00037258193306936486,0.5747826086956522,0.003337158528897971,circulation,0.01043741435411284,True,0.0046696935611360395,True
sca_max,NAO_SON,24,-0.3103778522978611,0.14496386155564708,-0.3075119549751765,0.16044923418536997,-0.25652173913043474,0.23217433593471182,circulation,0.35170670326458187,False,0.34277790939601765,False
sca_max,EA_SON,24,-0.3643996665166509,0.08050755684676225,-0.2831149962823575,0.19634515863922722,-0.4116624709656139,0.046002109611986294,circulation,0.24166246342886202,False,0.3885567349913128,False
sca_max,WP_SON,24,0.10321146908752525,0.6341215337371351,0.09976941242940035,0.6512441749589419,0.12959339293092004,0.5494930014981212,circulation,0.7791820153109895,False,0.8002216006031443,False
sca_max,EAWR_SON,24,0.3430819163008557,0.10514760141958424,0.33589868102574694,0.12329719628334622,0.32956521739130434,0.12051067969921057,circulation,0.286489116911331,False,0.2971778577085781,False
sca_max,SCAND_SON,24,-0.2559744603396973,0.22981185227455236,-0.3077355903183997,0.14891366483007784,-0.2713043478260869,0.20213054511135073,circulation,0.47739920693498167,False,0.3313108755982797,False
sca_max,POL_SON,24,0.17030399300236287,0.4188835120555041,0.11710786988764846,0.5695548440008952,0.08086956521739129,0.7027114447189107,circulation,0.6561045223853437,False,0.7589316814017301,False
sca_max,AO_SON,24,-0.06490166670213185,0.7685514999701241,-0.03798436907255898,0.8701153875691712,-0.00608695652173913,0.978005220780899,circulation,0.8651957005651697,False,0.9113186231922238,False
sca_max,NINO34_SON,24,-0.03202300954989914,0.882203871316934,-0.029779786448954078,0.8909271779090719,0.0,1.0,circulation,0.9335527352230398,False,0.9221917560611658,False
sca_max,DMI_SON,24,-0.031619781945441544,0.8838956748388356,0.06605228708138823,0.7646436320263891,0.09565217391304347,0.6580061563155777,circulation,0.9335527352230398,False,0.8556726358390544,False
sca_max,AMO_SON,23,0.17362642176337334,0.42380026678445004,0.2828575839467106,0.1904913008367182,0.04545454545454545,0.8353031628258151,circulation,0.6561045223853437,False,0.3830199417893371,False
sca_max,NCP_SON,24,0.3978188348877034,0.05644484896139927,0.46434045074985497,0.026629720019310143,0.37217391304347824,0.07597480849159062,circulation,0.189493421513269,False,0.0910252247932783,False
sca_max,MOI_SON,24,-0.17825848687842993,0.4148066260238552,-0.14179748277738957,0.5379610953633691,-0.10521739130434782,0.6320889484590804,circulation,0.6561045223853437,False,0.7382239848782,False
sle_mean,t2m_djfm,24,0.7190962835186978,8.402921574931711e-05,0.6675047540316343,0.0017503708307959611,0.8295652173913043,6.431711178241328e-07,climate,0.001237464749283048,True,0.012187767266282989,True
sle_mean,t2m_ondjfm,24,0.683009705454465,0.00024372487929998204,0.6050317596189979,0.005642221364351069,0.7026086956521739,0.00013429644738752427,climate,0.0023497578106870067,True,0.027198400423025664,True
sle_mean,tmin_djfm,24,0.6997964439491491,0.00011242495094419842,0.6171080204720875,0.000985559363904018,0.8130434782608694,9.61799988182343e-07,climate,0.001237464749283048,True,0.008617914437858391,True
sle_mean,tmax_djfm,24,0.6069964887840573,0.0017555309315909256,0.5631910730169327,0.008184301099093889,0.6539130434782607,0.0005654967766596159,climate,0.011497167773800339,True,0.036203496626580026,True
sle_mean,precip_ondjfm,24,-0.035518330780557786,0.869107433452367,-0.07949501204748628,0.7109566894389111,-0.01826086956521739,0.9324965942763255,climate,0.9265696340729604,False,0.8360399853126026,False
sle_mean,precip_djfm,24,-0.13801650720009237,0.5202099324208558,-0.17455335551076878,0.414448629342539,-0.18608695652173912,0.384050291637542,climate,0.6924255289692474,False,0.6334661976942872,False
sle_mean,snowfall_ondjfm,24,-0.6722270237166734,0.00028092180692232394,-0.5990718149346135,0.001959112644601452,-0.5678260869565217,0.003479209417398381,climate,0.002600811562785156,True,0.013154042042324034,True
sle_mean,snowfall_fraction_ondjfm,24,-0.6555552301779406,0.0004662273051892353,-0.5733147031627147,0.0041037935391534395,-0.6330434782608695,0.000834330873929595,climate,0.003895588150025611,True,0.021349165589575607,True
sle_mean,pdd_ondjfm,24,0.673790036368016,0.00032902722515805373,0.5972430615343338,0.007278164172463152,0.6478260869565217,0.0006605753533808783,climate,0.002877075271149493,True,0.03378505838081661,True
sle_mean,isotherm0_m_djfm,24,0.7211875716193761,7.641749889079942e-05,0.6686940363999906,0.0014942045879723525,0.8417391304347825,2.9315493805922266e-07,climate,0.0011972074826225242,True,0.010804248559184703,True
sle_mean,swe_max,24,-0.5995240667530988,0.0017734992842564352,-0.5515096775757099,0.0036185629341596165,-0.5643478260869564,0.0037309581203171334,climate,0.011497167773800339,True,0.01971854584411617,True
sle_mean,NAO_ONDJFM,24,-0.20137638065264166,0.34174329499952216,-0.409037086255742,0.043874840202890134,-0.1660869565217391,0.43450973640921964,circulation,0.5921450641466375,False,0.13522081898595648,False
sle_mean,EA_ONDJFM,24,0.172360393937363,0.4192805432842407,0.12022068642007089,0.5694650376159162,0.12,0.5754003304674395,circulation,0.6561045223853437,False,0.7589316814017301,False
sle_mean,WP_ONDJFM,24,0.2928719338544008,0.1576674607169939,0.09663351104252535,0.6364798325351649,0.18347826086956517,0.38261536798870843,circulation,0.37198869555557984,False,0.7997087620465522,False
sle_mean,EAWR_ONDJFM,24,-0.3280445774089179,0.11383005594010985,-0.4509143687160785,0.016059656401022446,-0.3478260869565217,0.09241507782909629,circulation,0.29517311057573314,False,0.05978644363152911,False
sle_mean,SCAND_ONDJFM,24,0.39721339222234076,0.05959837356278311,0.5634860876379244,0.016029998074872404,0.5347826086956522,0.008317804427231144,circulation,0.1948607692139691,False,0.05978644363152911,False
sle_mean,POL_ONDJFM,24,-0.18252240145110832,0.3967161988365636,-0.11856163626211866,0.6103434965910599,-0.1591304347826087,0.46089883871067217,circulation,0.6561045223853437,False,0.7844612387984489,False
sle_mean,AO_ONDJFM,24,-0.3206577028629583,0.13073418034349638,-0.5234796392091259,0.021184079240131094,-0.38,0.07000663183699349,circulation,0.32339507769180686,False,0.07507214916227002,False
sle_mean,NINO34_ONDJFM,24,-0.11126126091314228,0.6052943018388477,-0.16558785663587705,0.4434400903345065,-0.05652173913043478,0.7933740259564577,circulation,0.7656038929055694,False,0.6616407697054542,False
sle_mean,DMI_ONDJFM,24,0.13740776217855377,0.5193355795738346,-0.11954755774631018,0.5925551268693361,0.08608695652173912,0.6872946093105285,circulation,0.6924255289692474,False,0.7682783713892082,False
sle_mean,AMO_ONDJFM,23,0.032732206906350314,0.8816077074495556,-0.16077310480188098,0.4692593112422083,-0.07509881422924902,0.7322812071282093,circulation,0.9335527352230398,False,0.683646765154962,False
sle_mean,NCP_ONDJFM,24,-0.6628293448119049,0.0004828241243004584,-0.7331788009949234,0.00020583559207515553,-0.6721739130434782,0.0003745432135034132,circulation,0.0039465624073254865,True,0.0031900050473513664,True
sle_mean,MOI_ONDJFM,24,-0.47135516045384146,0.020381472425733935,-0.5839806645506065,0.0034260521123626693,-0.5634782608695652,0.004235218474201247,circulation,0.08910969339623209,False,0.018944052856593584,True
sle_mean,NAO_DJF,24,-0.14999598430733013,0.4794003154616999,-0.38253110640709564,0.05502594935970594,-0.09043478260869564,0.6709296761180055,circulation,0.6889054879382637,False,0.16073616750482378,False
sle_mean,EA_DJF,24,0.10351421647709161,0.6297321942973366,0.0551875836371116,0.7959599904733253,0.03826086956521739,0.8588960657761641,circulation,0.7769068179871753,False,0.8700027802847975,False
sle_mean,WP_DJF,24,0.2680140981493244,0.20007142272346065,0.14195882523797498,0.4829305479753083,0.2478260869565217,0.23738174274575338,circulation,0.43483731181515145,False,0.693060633735557,False
sle_mean,EAWR_DJF,24,-0.38883294609767516,0.060639679443970244,-0.40080256935486747,0.05514618512798475,-0.4248749828641239,0.03867415743575113,circulation,0.1965562023356277,False,0.16073616750482378,False
sle_mean,SCAND_DJF,24,0.2961207680107573,0.16730805898680345,0.445926432702363,0.06229535120055391,0.38608695652173913,0.06702243157163323,circulation,0.3874283761277991,False,0.17350408926969088,False
sle_mean,POL_DJF,24,-0.33632864621581954,0.11224596684484353,-0.20137902701671434,0.44339587372017475,-0.2895652173913043,0.17495622777492775,circulation,0.29308669120598035,False,0.6616407697054542,False
sle_mean,AO_DJF,24,-0.3639917413253228,0.08314662172964608,-0.5181704352488625,0.0178844688964837,-0.4652173913043478,0.02320683925844896,circulation,0.24616637614446402,False,0.06565509831401324,False
sle_mean,NINO34_DJF,24,-0.11772559878757023,0.5846528690818926,-0.18164513718824934,0.4029000384703805,-0.06695652173913043,0.7564518978831812,circulation,0.7477193155605157,False,0.6302485680894084,False
sle_mean,DMI_DJF,24,0.3170398270377459,0.12902006239077274,0.10367862445348354,0.6486999266601021,0.2417391304347826,0.2524504962955373,circulation,0.32126849972801685,False,0.7997087620465522,False
sle_mean,AMO_DJF,23,-0.03140432210983697,0.8869640382483059,-0.2053379107778128,0.35906129773897566,-0.10276679841897234,0.6410130861523868,circulation,0.9341694072307088,False,0.5952973150186331,False
sle_mean,NCP_DJF,24,-0.35743215872508743,0.08931474598359318,-0.350285167468414,0.12290192576004727,-0.3643478260869565,0.08285862264552571,circulation,0.25441170068053814,False,0.2971778577085781,False
sle_mean,MOI_DJF,24,-0.4305985919326166,0.035909353026580736,-0.5360417984552079,0.007612075972198616,-0.48869565217391303,0.015509958702109394,circulation,0.13368234394053818,False,0.03490415323837415,True
sle_mean,NAO_SON,24,-0.02348399178760837,0.9145247443369857,-0.05286501443429123,0.8289592784145714,-0.05391304347826086,0.8052531662046956,circulation,0.9472763192030487,False,0.8914366474386988,False
sle_mean,EA_SON,24,0.30134724091304443,0.15322215325835828,0.131214291632235,0.5859804873275409,0.34551797245951105,0.09883618142026736,circulation,0.3646299343363463,False,0.7682783713892082,False
sle_mean,WP_SON,24,-0.14549341552929004,0.5017099703880652,-0.1489889274032532,0.5213235459959037,-0.21743857874315448,0.3121130185230757,circulation,0.6924255289692474,False,0.7314091540838051,False
sle_mean,EAWR_SON,24,-0.3623888290542326,0.08641926774863556,-0.3671241250023183,0.11998594366569237,-0.2782608695652174,0.194571524443819,circulation,0.24877557374121648,False,0.29295269362532683,False
sle_mean,SCAND_SON,24,0.35263681921559853,0.09303028956979491,0.46479435101511823,0.028146721706697304,0.3182608695652174,0.13200873169552732,circulation,0.25720138881060944,False,0.09449256572962665,False
sle_mean,POL_SON,24,0.040461301139208275,0.8483631758078306,0.15837572344805967,0.39940200389345804,0.05913043478260869,0.7798132478027331,circulation,0.9116043982228786,False,0.6283479224432645,False
sle_mean,AO_SON,24,-0.03628953919618663,0.8698911724142421,-0.09255089829846454,0.7347610313820327,-0.09217391304347824,0.6768317690601118,circulation,0.9265696340729604,False,0.8474544411032033,False
sle_mean,NINO34_SON,24,-0.13686649117520877,0.5248438185006263,-0.15840789464913388,0.4697724496307534,-0.07391304347826086,0.7321592468547029,circulation,0.6924255289692474,False,0.683646765154962,False
sle_mean,DMI_SON,24,-0.12089394155315401,0.5755702810202378,-0.3189531287917902,0.15850253315302418,-0.14869565217391303,0.49023510599833664,circulation,0.7411452933685253,False,0.3405540140887834,False
sle_mean,AMO_SON,23,0.21263534909220957,0.3243028693232217,0.030241590665720117,0.8907217525579557,0.12845849802371542,0.5544733095147149,circulation,0.574377434822392,False,0.9221917560611658,False
sle_mean,NCP_SON,24,-0.5002437273401201,0.013776371480795432,-0.6438062655288599,0.0020302009557246203,-0.5182608695652173,0.010261885353509732,circulation,0.06254079814248409,False,0.01330501962386162,True
sle_mean,MOI_SON,24,-0.14206018365149994,0.5184875780934455,-0.2400016909604087,0.366797651391791,-0.15652173913043477,0.47634465877334464,circulation,0.6924255289692474,False,0.5970386013996252,False
sle_djfm,t2m_djfm,24,0.8122280647009814,9.964238637812964e-07,0.7788512228264534,1.5159005201330164e-05,0.7469565217391304,2.077691182307551e-05,climate,6.244256213029457e-05,True,0.0007124732444625178,True
sle_djfm,t2m_ondjfm,24,0.739189753970038,3.331019066070229e-05,0.6730336156324037,0.0004947667820015186,0.6452173913043477,0.0006180187121775924,climate,0.0005693014403829119,True,0.0054655875996387025,True
sle_djfm,tmin_djfm,24,0.7188386871103583,0.00012729310133006264,0.6384903195087321,0.0007210472325144691,0.7078260869565216,0.00017947666736560188,climate,0.0012935731378406366,True,0.006777843985636009,True
sle_djfm,tmax_djfm,24,0.7511310925608404,1.8793339126874668e-05,0.7309209029906545,7.257822777236387e-05,0.7130434782608696,7.62086356358442e-05,climate,0.0003980718682256355,True,0.0017139899932285534,True
sle_djfm,precip_ondjfm,24,-0.15420714333446792,0.4720193636671436,-0.21425700590100547,0.31424545172617274,-0.1469565217391304,0.4933446688505141,climate,0.6889054879382637,False,0.5495641388327486,False
sle_djfm,precip_djfm,24,-0.325549942099083,0.12043273599754427,-0.3862384761801143,0.062257424838830726,-0.33391304347826084,0.11064912172154089,climate,0.3080456376535826,False,0.17350408926969088,False
sle_djfm,snowfall_ondjfm,24,-0.8782508063730607,3.3120557335425785e-08,-0.8508823166599933,1.367211285576692e-07,-0.8217391304347826,1.4255338758440915e-06,climate,6.226664779060047e-06,True,2.498634469518466e-05,True
sle_djfm,snowfall_fraction_ondjfm,24,-0.7827797470073478,8.257602274057567e-06,-0.7294124535888741,5.78400114719507e-05,-0.7443478260869565,3.907219843040877e-05,climate,0.0002217756039318318,True,0.0016729111010348819,True
sle_djfm,pdd_ondjfm,24,0.74135072437967,2.7731150119175462e-05,0.6789614546464015,0.00044426004908597463,0.6286956521739131,0.0008767422439260106,climate,0.0004965196402290464,True,0.0050618720744341344,True
sle_djfm,isotherm0_m_djfm,24,0.8213119306994495,6.476290398554307e-07,0.7886678795590364,9.307182730228881e-06,0.7565217391304346,1.5065244341084841e-05,climate,4.870170379712839e-05,True,0.0004999286723665799,True
sle_djfm,swe_max,24,-0.788234627119075,7.492386472126613e-06,-0.7715354326331876,8.01672450073068e-06,-0.7426086956521739,4.7127663141694285e-05,climate,0.00021670287027073895,True,0.0004999286723665799,True
sle_djfm,NAO_ONDJFM,24,-0.11248730711866597,0.6067818087389885,-0.3101685683202147,0.1385101644999154,-0.040869565217391296,0.8520714416299674,circulation,0.7656038929055694,False,0.32347715436005087,False
sle_djfm,EA_ONDJFM,24,0.1776879679321485,0.40912098189675905,0.1251637172942046,0.5582641125737449,0.15478260869565216,0.47298538321295014,circulation,0.6561045223853437,False,0.7523559366585235,False
sle_djfm,WP_ONDJFM,24,0.4872587873863795,0.02009582606292532,0.34092830526407547,0.0981996951739875,0.32608695652173914,0.1344408039955556,circulation,0.08889447764305788,False,0.25289784510561164,False
sle_djfm,EAWR_ONDJFM,24,-0.3656230641239536,0.08593175378688916,-0.4981949926470045,0.011173935867894686,-0.40347826086956523,0.05601074758868412,circulation,0.24877557374121648,False,0.04616922952009233,True
sle_djfm,SCAND_ONDJFM,24,0.1070884004451278,0.602722354329396,0.23652331856043846,0.28867642407114313,0.1973913043478261,0.3339540157303561,circulation,0.7656038929055694,False,0.521838151205528,False
sle_djfm,POL_ONDJFM,24,-0.42857601209194673,0.03375272204518999,-0.3970089090195967,0.06022572059946511,-0.2669565217391304,0.20011129810503783,circulation,0.13083529370094263,False,0.1715520526166582,False
sle_djfm,AO_ONDJFM,24,-0.2267237595860298,0.27523132102652004,-0.4202184205478045,0.04853021918993996,-0.21739130434782608,0.29600063570608415,circulation,0.5319019796889453,False,0.144820336630297,False
sle_djfm,NINO34_ONDJFM,24,-0.01338082246249131,0.9503543602477653,-0.05759986233463148,0.7897194419197824,-0.013043478260869565,0.9516045297785911,circulation,0.960573224336451,False,0.8682295618767197,False
sle_djfm,DMI_ONDJFM,24,0.2127690572445759,0.3250098616587547,-0.028643544290118887,0.895434982020155,0.2069565217391304,0.3387090262442639,circulation,0.574377434822392,False,0.9221917560611658,False
sle_djfm,AMO_ONDJFM,23,0.16138695432468378,0.46243241412499736,0.012333084572604486,0.9556536226511793,0.008893280632411068,0.9679113387383692,circulation,0.68071314611458,False,0.9685330515278798,False
sle_djfm,NCP_ONDJFM,24,-0.6370009377972529,0.0006009523529327228,-0.7084832234273625,0.00015959058135635288,-0.6634782608695651,0.000291435981177748,circulation,0.004519161694054075,True,0.0026483119299891447,True
sle_djfm,MOI_ONDJFM,24,-0.40452334414044416,0.048655872820951,-0.5134857019942168,0.010782288901142384,-0.48869565217391303,0.014823788582044816,circulation,0.17098501715429462,False,0.04555214187448917,True
sle_djfm,NAO_DJF,24,-0.16758939071478807,0.4448552307228991,-0.411028931925057,0.04366472892634137,-0.06782608695652173,0.7585629627324042,circulation,0.6648095567271594,False,0.13522081898595648,False
sle_djfm,EA_DJF,24,0.13768158979237344,0.5226181974865347,0.09257673258823512,0.666183432318312,0.1391304347826087,0.5182091275302284,circulation,0.6924255289692474,False,0.8088651502845464,False
sle_djfm,WP_DJF,24,0.208336924222026,0.34131527582884125,0.06757058895869722,0.7498082330685009,0.23217391304347823,0.2876178907755168,circulation,0.5921450641466375,False,0.854490336474334,False
sle_djfm,EAWR_DJF,24,-0.5612769030108447,0.004242662408280387,-0.5958685579459427,0.0021968950924900637,-0.553163744322585,0.004961724699927733,circulation,0.02304445362524682,True,0.013541517291414163,True
sle_djfm,SCAND_DJF,24,0.14675932483222703,0.47722678748706737,0.2799235322251423,0.2045585645989564,0.2026086956521739,0.32403532304262717,circulation,0.6889054879382637,False,0.4005938556729563,False
sle_djfm,POL_DJF,24,-0.5854047802311316,0.002044552954311569,-0.49985319372581977,0.018720183415537422,-0.45217391304347826,0.022825862911191968,circulation,0.013029693403748304,True,0.06768066311771222,False
sle_djfm,AO_DJF,24,-0.3984198093579563,0.04914534913494307,-0.5631770734326775,0.00520164878437196,-0.39391304347826084,0.05200804118960863,circulation,0.1710986229142462,False,0.02540025899901113,True
sle_djfm,NINO34_DJF,24,-0.004785175515759264,0.9822056859304806,-0.05683413442733676,0.7928223389498281,0.002608695652173913,0.990298690841402,circulation,0.9822056859304807,False,0.8690997068371293,False
sle_djfm,DMI_DJF,24,0.39932698582443105,0.056208808899594696,0.20636786257585799,0.3408814161128053,0.35478260869565215,0.09291057890396309,circulation,0.189493421513269,False,0.5786049945434291,False
sle_djfm,AMO_DJF,23,0.11004826574820975,0.6171106765402704,-0.022616626269061454,0.91910213673467,0.009881422924901188,0.9643022233916856,circulation,0.7708757952795404,False,0.9416414261913785,False
sle_djfm,NCP_DJF,24,-0.5854094753267368,0.0021640729299160165,-0.6076920897947631,0.0020877557388506267,-0.571304347826087,0.002922957825786085,circulation,0.01356152369414037,True,0.01330501962386162,True
sle_djfm,MOI_DJF,24,-0.5308372471530253,0.00745080502278348,-0.6534286582653233,0.0005582149019175273,-0.5165217391304348,0.009567640414296166,circulation,0.036861877481139324,True,0.005718687851720852,True
sle_djfm,NAO_SON,24,0.15686831590001676,0.4496491774557184,0.14838849779742747,0.5039800465076152,0.1408695652173913,0.49772697017131773,circulation,0.6682533230171942,False,0.7177897632078156,False
sle_djfm,EA_SON,24,0.32891886553806177,0.11501102453543262,0.16053987434327432,0.4678363475998163,0.3167973349502822,0.12984395867657988,circulation,0.2961927755159086,False,0.683646765154962,False
sle_djfm,WP_SON,24,0.052664121934658845,0.8028506523695285,0.07237607195376278,0.742369362332546,-0.07001522235529574,0.739819741020779,circulation,0.882666214301002,False,0.8536112545475147,False
sle_djfm,EAWR_SON,24,-0.45052149144290143,0.022454932709664845,-0.4673408568046501,0.026154699001051905,-0.39999999999999997,0.04539598680739452,circulation,0.09486578313296608,False,0.09080753729290204,False
sle_djfm,SCAND_SON,24,0.06406838123328132,0.7630106237619885,0.14298361188331532,0.5099804783073836,0.16695652173913042,0.4292215269248617,circulation,0.8615375211246477,False,0.720874661066076,False
sle_djfm,POL_SON,24,-0.1240090291141984,0.5794653345775527,-0.02687729305753539,0.8971013438671469,0.02434782608695652,0.913679492359318,circulation,0.7436142177513987,False,0.9221917560611658,False
sle_djfm,AO_SON,24,0.21932479996222454,0.27425594537802656,0.19342395178855537,0.3957442270006488,0.17217391304347823,0.39300915970545536,circulation,0.5319019796889453,False,0.6278473812330969,False
sle_djfm,NINO34_SON,24,-0.05543092128025329,0.7957217528333842,-0.06831282085677656,0.7526175536599433,-0.03130434782608695,0.8838197113854782,circulation,0.8773940735054324,False,0.854490336474334,False
sle_djfm,DMI_SON,24,-0.09793427614885103,0.645250287761295,-0.29780928584850686,0.1661835822453942,-0.16086956521739126,0.44763639175498005,circulation,0.7902739680724655,False,0.35103947710263045,False
sle_djfm,AMO_SON,23,0.22638315325612554,0.30035055957542756,0.06725089230926382,0.7602118552634881,0.1590909090909091,0.4697127314319688,circulation,0.5508868800017598,False,0.8556726358390544,False
sle_djfm,NCP_SON,24,-0.32697147630814843,0.11037347191533052,-0.4530030571046301,0.030371748560026966,-0.3660869565217391,0.07168875660900856,circulation,0.2922565171842555,False,0.10017348647868544,False
sle_djfm,MOI_SON,24,0.2685396204753221,0.17998298616892,0.2224161457607902,0.3255187515728296,0.18347826086956517,0.3644599641742441,circulation,0.40281906428282094,False,0.5640324912045342,False
sdi_mean,t2m_djfm,24,-0.7822600585805858,3.5336236685118428e-06,-0.7425933366980748,4.89519190216309e-05,-0.7147826086956521,5.579480610260009e-05,climate,0.0001488171507601784,True,0.0015338267960111013,True
sdi_mean,t2m_ondjfm,24,-0.7515530195591311,1.9056631989525103e-05,-0.6837117877954924,0.00031445284710702315,-0.6278260869565216,0.0009089074722027837,climate,0.0003980718682256355,True,0.0042226525182943115,True
sdi_mean,tmin_djfm,24,-0.7333154841225135,0.00011848066748454714,-0.6493078863455466,0.000562743219451254,-0.6930434782608694,0.0003931428912441922,climate,0.001237464749283048,True,0.005718687851720852,True
sdi_mean,tmax_djfm,24,-0.773748297883444,5.995860569054511e-06,-0.7610398946643442,2.0782021545015807e-05,-0.7504347826086956,1.6269196057288334e-05,climate,0.00019296646594659062,True,0.0007814040100925944,True
sdi_mean,precip_ondjfm,24,0.22099580020323062,0.2996823905130643,0.29716127572180356,0.15822047736312272,0.2773913043478261,0.18968752989343696,climate,0.5508868800017598,False,0.3405540140887834,False
sdi_mean,precip_djfm,24,0.3162740840364717,0.1318887305032543,0.38394464036214804,0.06397182280388022,0.39826086956521733,0.05375061825803276,climate,0.3241187102563636,False,0.1768632748107277,False
sdi_mean,snowfall_ondjfm,24,0.8937916391057472,1.4516554992803907e-08,0.8699556949101277,3.3371268346178753e-08,0.8791304347826084,5.1062224056210644e-08,climate,5.458224677294269e-06,True,1.2547596898163211e-05,True
sdi_mean,snowfall_fraction_ondjfm,24,0.740862396275551,5.3572952763463896e-05,0.6726715931471288,0.0003329774576380313,0.6826086956521739,0.0003367616305873683,climate,0.0008758013147418446,True,0.004317224967996544,True
sdi_mean,pdd_ondjfm,24,-0.7530317247155256,1.482866585924693e-05,-0.6895302504728839,0.0002758922155313286,-0.6234782608695651,0.0008999752825903406,climate,0.00037170522420512306,True,0.0038420545570288724,True
sdi_mean,isotherm0_m_djfm,24,-0.7847952435881265,3.5621126511744833e-06,-0.7442237400777907,4.445761408139558e-05,-0.7156521739130434,5.973619111765217e-05,climate,0.0001488171507601784,True,0.0015196420813277033,True
sdi_mean,swe_max,24,0.8446755990111658,5.696554161925941e-07,0.8422902130305051,1.9935913320626058e-07,0.8208695652173912,2.198904169040144e-06,climate,4.870170379712839e-05,True,2.498634469518466e-05,True
sdi_mean,NAO_ONDJFM,24,0.09373293220305959,0.6723385652813787,0.30487927687831756,0.14632481770812208,0.015652173913043476,0.9438166112235427,circulation,0.8154816146638658,False,0.32846765347836454,False
sdi_mean,EA_ONDJFM,24,-0.18652068865067753,0.38815233877504984,-0.13245765340989926,0.5360234368389396,-0.12956521739130433,0.5507104967875963,circulation,0.6515414258009765,False,0.7382239848782,False
sdi_mean,WP_ONDJFM,24,-0.40447721140856674,0.06700713902701749,-0.21912879962649998,0.2991222578188229,-0.3217391304347825,0.15203191250278486,circulation,0.21172003591729896,False,0.5355712806660828,False
sdi_mean,EAWR_ONDJFM,24,0.4827102344316362,0.021788505228646327,0.6478398158646219,0.0005087648031578579,0.4834782608695652,0.021549357096706887,circulation,0.09309634052239794,False,0.0054655875996387025,True
sdi_mean,SCAND_ONDJFM,24,-0.1344943138185985,0.49817047418761895,-0.2803534603675236,0.19822710708755184,-0.15304347826086956,0.44020751762101984,circulation,0.6924255289692474,False,0.39022718463308637,False
sdi_mean,POL_ONDJFM,24,0.4054221996168341,0.043221628637883897,0.37116687448298946,0.07834244651904243,0.3356521739130434,0.09909430169832972,circulation,0.15477459397946994,False,0.21040542779399968,False
sdi_mean,AO_ONDJFM,24,0.22875402787868318,0.2620494706882449,0.4404685851943344,0.03530877256205486,0.2026086956521739,0.3219536015161788,circulation,0.5213259311046565,False,0.11250930918078499,False
sdi_mean,NINO34_ONDJFM,24,0.13042079104833262,0.5411942013608264,0.19530999557814527,0.36118053173307296,0.14608695652173911,0.4932435595782979,circulation,0.7065590962210789,False,0.5955332909654915,False
sdi_mean,DMI_ONDJFM,24,-0.17571583020591652,0.4231439390829209,0.09930317699227577,0.646646133991321,-0.19999999999999998,0.3608064876391802,circulation,0.6561045223853437,False,0.7997087620465522,False
sdi_mean,AMO_ONDJFM,23,-0.07301227545019398,0.7420548576687107,0.10779563722153619,0.6253349366508177,0.02075098814229249,0.925563153545834,circulation,0.8564053303176355,False,0.7919836918724615,False
sdi_mean,NCP_ONDJFM,24,0.640037480351556,0.00043293248784113345,0.724184863384576,8.337248549566773e-05,0.6686956521739129,0.00018990493426218516,circulation,0.0036996048960969584,True,0.0017415585859095037,True
sdi_mean,MOI_ONDJFM,24,0.49407778878064645,0.013204749789702241,0.6291615178226345,0.001039251639008977,0.5121739130434783,0.009767081152680906,circulation,0.06129612248059312,False,0.008739330464258673,True
sdi_mean,NAO_DJF,24,0.1707905009961883,0.44468469231223506,0.4362227984996696,0.03185261326076139,0.07217391304347825,0.7481944760820238,circulation,0.6648095567271594,False,0.10414419640040244,False
sdi_mean,EA_DJF,24,-0.18109187070525745,0.4000157005925068,-0.13985015937506798,0.5138269715201523,-0.13739130434782607,0.5246285853642825,circulation,0.6561045223853437,False,0.7235915404178924,False
sdi_mean,WP_DJF,24,-0.16105627838247027,0.4730809427092958,0.0005422703799479248,0.9979720659785034,-0.2069565217391304,0.3544529546566919,circulation,0.6889054879382637,False,0.9979720659785034,False
sdi_mean,EAWR_DJF,24,0.580721034478439,0.002823829952143603,0.6263571343439808,0.0010853307671947314,0.6005653544885927,0.0018433571904343021,circulation,0.01740590265583598,True,0.008804449225442794,True
sdi_mean,SCAND_DJF,24,-0.19334613302131995,0.3330065344405727,-0.3467481906512952,0.10651559312403772,-0.22869565217391302,0.2503373889049395,circulation,0.5850955932226884,False,0.2660591622489209,False
sdi_mean,POL_DJF,24,0.5573065687412679,0.003064014433942333,0.4598763910356254,0.029252726170976007,0.4669565217391304,0.01604533079892353,circulation,0.018286816304163764,True,0.0973365047813007,False
sdi_mean,AO_DJF,24,0.3874853580029853,0.05259137686738173,0.5676122289920595,0.004424695429821705,0.3678260869565217,0.06692949880230482,circulation,0.18141612570766544,False,0.021890598442275803,True
sdi_mean,NINO34_DJF,24,0.12539591381958698,0.5557988241244858,0.19943546645362764,0.35149050886336797,0.1226086956521739,0.5646841859817138,circulation,0.7197552339923552,False,0.590344949899456,False
sdi_mean,DMI_DJF,24,-0.3752884307786343,0.0770814041648977,-0.15546474636519972,0.472734465266729,-0.3182608695652174,0.13813970828020045,circulation,0.2356309590731832,False,0.683646765154962,False
sdi_mean,AMO_DJF,23,-0.021987638036912588,0.9206061759732387,0.13842195291845089,0.5308585090735765,0.03162055335968379,0.8860099218150608,circulation,0.9490485689655316,False,0.7338338213664146,False
sdi_mean,NCP_DJF,24,0.5452277267978477,0.004290190834487439,0.5690167445010025,0.00425847717877173,0.6156521739130434,0.0009019388439497835,circulation,0.02304445362524682,True,0.021349165589575607,True
sdi_mean,MOI_DJF,24,0.5597327163637209,0.0042682743950704285,0.7018604483585461,0.00013656435810595119,0.5530434782608695,0.004857866487159501,circulation,0.02304445362524682,True,0.002445152316563697,True
sdi_mean,NAO_SON,24,-0.19339160552995122,0.33776524126067453,-0.19085003602643535,0.3824976879822233,-0.21826086956521737,0.2780345300743411,circulation,0.5906964219256448,False,0.6172494879026436,False
sdi_mean,EA_SON,24,-0.2630362752128584,0.2108535555343454,-0.06266954188956173,0.7756484096728846,-0.267188961070705,0.20347192279739426,circulation,0.4530339250337935,False,0.8628514853165816,False
sdi_mean,WP_SON,24,-0.020517388321798405,0.9212838501926037,-0.03791674246935057,0.8623457536155356,0.032180909653986865,0.8768095918724111,circulation,0.9490485689655316,False,0.907908333182365,False
sdi_mean,EAWR_SON,24,0.5397807584732178,0.003922898009330943,0.5750389944544879,0.004053318631859462,0.46347826086956523,0.01566272911925497,circulation,0.022015069425499027,True,0.021349165589575607,True
sdi_mean,SCAND_SON,24,-0.06829528905748733,0.7452642920210932,-0.15511679766901884,0.4725464545364768,-0.03043478260869565,0.8849900772250161,circulation,0.8564861492194121,False,0.683646765154962,False
sdi_mean,POL_SON,24,0.15909942572135272,0.4899732247217853,0.06061901985173647,0.7732159600409286,0.12347826086956522,0.5930571835705125,circulation,0.6924255289692474,False,0.8626979257429946,False
sdi_mean,AO_SON,24,-0.1417417061341734,0.4625988269588299,-0.10436422925580856,0.6415442706023977,-0.11043478260869564,0.5678782378820144,circulation,0.68071314611458,False,0.7997087620465522,False
sdi_mean,NINO34_SON,24,0.1686576328299133,0.4256315145171059,0.19896453260672065,0.35326493012600424,0.16869565217391302,0.42552566786780666,circulation,0.6561045223853437,False,0.590344949899456,False
sdi_mean,DMI_SON,24,0.14160253422709623,0.5008266622085059,0.36813847744935313,0.08072612332294103,0.1434782608695652,0.4951124395797917,circulation,0.6924255289692474,False,0.21526966219450944,False
sdi_mean,AMO_SON,23,-0.18834136481524966,0.39674180347262145,-0.004919084092510351,0.9822170553766569,-0.1383399209486166,0.5353480036950655,circulation,0.6561045223853437,False,0.9880381545789458,False
sdi_mean,NCP_SON,24,0.363773652392649,0.06853856048737676,0.5090298470371818,0.012513060517664324,0.3304347826086956,0.10020524792604295,circulation,0.21297932845664183,False,0.05005224207065729,False
sdi_mean,MOI_SON,24,-0.1483583538715374,0.44556385184905367,-0.08209062978818606,0.7138734492297065,-0.1469565217391304,0.4499228221543876,circulation,0.6648095567271594,False,0.8360399853126026,False
scv_mean,t2m_djfm,24,-0.698136474486209,0.0001152315305891396,-0.6387345309353682,0.0013842558800047056,-0.6452173913043477,0.0005387487941966546,climate,0.001237464749283048,True,0.010205494331015084,True
scv_mean,t2m_ondjfm,24,-0.7038296276680649,0.00011275760908161611,-0.6194601797638005,0.0020699907104290097,-0.643478260869565,0.0006420489797891506,climate,0.001237464749283048,True,0.01330501962386162,True
scv_mean,tmin_djfm,24,-0.7246920459898221,0.0001107125937568147,-0.6331494718024917,0.0007983846971238042,-0.7113043478260868,0.00016905644611220816,climate,0.001237464749283048,True,0.007321771856550008,True
scv_mean,tmax_djfm,24,-0.6207519670967332,0.0010459109662651195,-0.5806282167026362,0.003913181881635297,-0.6417391304347826,0.0006189059946423067,climate,0.0074200476097299045,True,0.021019376964212452,True
scv_mean,precip_ondjfm,24,0.005091487562305097,0.9811696571605152,0.05272277694586329,0.8064502277259622,0.10695652173913042,0.619015750228928,climate,0.9822056859304807,False,0.8779976906126075,False
scv_mean,precip_djfm,24,0.09103716264064846,0.6721200439191999,0.12954377375612466,0.5462465840994616,0.19652173913043475,0.35717055184106294,climate,0.8154816146638658,False,0.746322566256756,False
scv_mean,snowfall_ondjfm,24,0.7632489851069288,2.23950739808884e-05,0.7049744916749634,0.00011901038584242844,0.7634782608695652,2.2192585346737362e-05,climate,0.0004431867272007389,True,0.0022373952538376546,True
scv_mean,snowfall_fraction_ondjfm,24,0.7564617403070537,2.530381547066972e-05,0.6902683368158558,0.00021210139942495787,0.7434782608695651,4.1315944831766726e-05,climate,0.00047571173084859077,True,0.0031900050473513664,True
scv_mean,pdd_ondjfm,24,-0.7060980788749538,9.501775401007436e-05,-0.6274409106899239,0.0018419763357525887,-0.643478260869565,0.0005946471686750905,climate,0.001237464749283048,True,0.012592420040781333,True
scv_mean,isotherm0_m_djfm,24,-0.7058127667305685,9.501754678464736e-05,-0.6463795810162221,0.0011005561531803492,-0.643478260869565,0.0005902684280425148,climate,0.001237464749283048,True,0.008804449225442794,True
scv_mean,swe_max,24,0.6876766248016654,0.0002846462078631638,0.6573431060980655,0.00039221072445811805,0.6234782608695651,0.001467428598254342,climate,0.002600811562785156,True,0.004757136528911367,True
scv_mean,NAO_ONDJFM,24,0.049442472673576876,0.8217663963325057,0.2620676778768961,0.21335738146384525,-0.002608695652173913,0.9905224198090044,circulation,0.8982097820378551,False,0.4156599763233462,False
scv_mean,EA_ONDJFM,24,-0.20085392921295822,0.3499890406543009,-0.14750827834501637,0.4888073076501487,-0.09217391304347824,0.6705328739217988,circulation,0.6036508224129227,False,0.6988271774770186,False
scv_mean,WP_ONDJFM,24,-0.3823349455175749,0.07702316512785663,-0.18002586647574131,0.3906597681548696,-0.35739130434782607,0.10012789320431256,circulation,0.2356309590731832,False,0.62325694883933,False
scv_mean,EAWR_ONDJFM,24,0.3655695899031063,0.08667446851090255,0.5223744428120254,0.006814502406351054,0.3078260869565217,0.15355005790429135,circulation,0.24877557374121648,False,0.03202816130984996,True
scv_mean,SCAND_ONDJFM,24,-0.07861306735147927,0.7015765259669892,-0.22259178974731972,0.3276351747543803,-0.04347826086956521,0.8323390389136163,circulation,0.8288255793933377,False,0.5650955307690229,False
scv_mean,POL_ONDJFM,24,0.2742014640231083,0.18703619288271656,0.2180203475908268,0.32078573709359604,0.19217391304347822,0.35996545424425863,circulation,0.41560965631116076,False,0.5584048016073709,False
scv_mean,AO_ONDJFM,24,0.14754614706724653,0.48003520702081137,0.35451466570795476,0.10569466477357341,0.14869565217391303,0.47658236215975236,circulation,0.6889054879382637,False,0.2660591622489209,False
scv_mean,NINO34_ONDJFM,24,0.016487665237948923,0.9388268956772632,0.06765551632331882,0.7542540768638236,0.009565217391304347,0.9644892996569219,circulation,0.9567161507798994,False,0.854490336474334,False
scv_mean,DMI_ONDJFM,24,-0.36260351776444594,0.08640672193103716,-0.1388599343261053,0.5237874013174568,-0.368695652173913,0.08086809755075455,circulation,0.24877557374121648,False,0.7321340628080437,False
scv_mean,AMO_ONDJFM,23,-0.05918274358947355,0.7889186183537304,0.13284490878407093,0.5478325220395336,-0.0909090909090909,0.6805413135082277,circulation,0.8750247802389459,False,0.746322566256756,False
scv_mean,NCP_ONDJFM,24,0.5677615376171118,0.0029445141282940512,0.6494279688580166,0.0009204142436684619,0.5530434782608695,0.003976124267192146,circulation,0.017857053423202634,True,0.008239898943317659,True
scv_mean,MOI_ONDJFM,24,0.38838913707970646,0.05916426706297141,0.5166107955807272,0.010421288423441174,0.36,0.08212268557700905,circulation,0.1948607692139691,False,0.04503913157717105,True
scv_mean,NAO_DJF,24,0.16772503940650707,0.44554502500782833,0.44666574034432294,0.026324525438633836,0.09217391304347824,0.6765753072994442,circulation,0.6648095567271594,False,0.09080753729290204,False
scv_mean,EA_DJF,24,-0.2355971365672017,0.2695869923650297,-0.20219027165061698,0.3416231616719182,-0.08434782608695651,0.6962729382822084,circulation,0.5307052833992207,False,0.5786049945434291,False
scv_mean,WP_DJF,24,-0.2699792583763753,0.2151234386462662,-0.12510438744318775,0.5513422306944042,-0.31913043478260866,0.13972537963299844,circulation,0.45873615746186497,False,0.7483923420256172,False
scv_mean,EAWR_DJF,24,0.5014549112258178,0.0123473497157061,0.5408857618789951,0.0065968951918841095,0.46879757577024106,0.02055964446603851,circulation,0.05803254366381867,False,0.031397880913271205,True
scv_mean,SCAND_DJF,24,-0.18417551651439762,0.36914190393252744,-0.34494127563064597,0.11996594036839342,-0.1434782608695652,0.48565157747261456,circulation,0.6337778807243394,False,0.29295269362532683,False
scv_mean,POL_DJF,24,0.41842843380513783,0.036330459754085886,0.2827812612281636,0.2154968297071355,0.34695652173913033,0.08751364318045016,circulation,0.13392404772094404,False,0.417663958607644,False
scv_mean,AO_DJF,24,0.3297211537587039,0.10776493465531056,0.5110203935942127,0.013705191046759331,0.31565217391304345,0.12457388596076428,circulation,0.29150802467911346,False,0.05351990452348764,False
scv_mean,NINO34_DJF,24,0.0173319167486048,0.9355778984753267,0.07880233220152714,0.7159704129538778,-0.010434782608695651,0.961189240004299,circulation,0.9567161507798994,False,0.8360399853126026,False
scv_mean,DMI_DJF,24,-0.5632280409561744,0.0046958314773806725,-0.40162035724593437,0.056956826016557556,-0.528695652173913,0.008783614797078178,circulation,0.024522675492987957,True,0.1647366660171203,False
scv_mean,AMO_DJF,23,-0.027199167567877783,0.9019268420450346,0.1396991419986393,0.5292907239657576,-0.0909090909090909,0.6798621157484209,circulation,0.9420124794692584,False,0.7338338213664146,False
scv_mean,NCP_DJF,24,0.4860697182155512,0.013805548526133454,0.5051571177792715,0.014752352204019863,0.4860869565217391,0.013801688829456057,circulation,0.06254079814248409,False,0.056029135643550186,False
scv_mean,MOI_DJF,24,0.454114854904348,0.02537416202369736,0.5902415158771909,0.0025052165547848433,0.41739130434782606,0.041821889006656496,circulation,0.1048426914385737,False,0.014584585816435012,True
scv_mean,NAO_SON,24,-0.16768276583641073,0.4171644676915608,-0.16229155997519662,0.4703028040029523,-0.10434782608695652,0.6151865486698351,circulation,0.6561045223853437,False,0.683646765154962,False
scv_mean,EA_SON,24,-0.2259757952534078,0.28609693877163883,-0.004861644993529271,0.9827826324801217,-0.22976510007383102,0.2778764766690922,circulation,0.537862244890681,False,0.9880381545789458,False
scv_mean,WP_SON,24,0.10115880903262199,0.63020366884598,0.10141877707490855,0.6474242905499213,0.08262665992239869,0.6943913420425446,circulation,0.7769068179871753,False,0.7997087620465522,False
scv_mean,EAWR_SON,24,0.4982871308619691,0.01021777984087265,0.5323756477863558,0.010696331815728814,0.46434782608695646,0.017830015008792305,circulation,0.04863145848314072,True,0.04555214187448917,True
scv_mean,SCAND_SON,24,-0.025142031551320276,0.905766243509911,-0.10979001724282494,0.6152264099760618,-0.01826086956521739,0.9314868890836205,circulation,0.9434019599992424,False,0.7844612387984489,False
scv_mean,POL_SON,24,0.08570480565134904,0.7034228139694341,-0.030470217459429766,0.881819280765809,0.05565217391304347,0.8049511953893935,circulation,0.8288255793933377,False,0.9210112487998449,False
scv_mean,AO_SON,24,-0.13346660533942736,0.5067283340701334,-0.09372947408964286,0.6902091393626074,-0.14956521739130432,0.4563382964176155,circulation,0.6924255289692474,False,0.8238686869852075,False
scv_mean,NINO34_SON,24,0.052722031585925005,0.805397646032161,0.06793838509196681,0.7544967864613801,0.05130434782608695,0.8105364862489015,circulation,0.8828848831139725,False,0.854490336474334,False
scv_mean,DMI_SON,24,-0.014963718624140317,0.9439938615408049,0.18851561389911808,0.39119319129277097,0.054782608695652164,0.7968926992874873,circulation,0.9567161507798994,False,0.62325694883933,False
scv_mean,AMO_SON,23,-0.14792773048698848,0.5027576386716157,0.0535707297471916,0.8079446833828781,-0.2233201581027668,0.30817327136157097,circulation,0.6924255289692474,False,0.8779976906126075,False
scv_mean,NCP_SON,24,0.35471071249464703,0.08098263402137398,0.5081659069583767,0.014491473047007618,0.33652173913043476,0.09899712415153006,circulation,0.24166246342886202,False,0.055599937404845555,False
scv_mean,MOI_SON,24,-0.11877262154682172,0.5570446092866366,-0.04497290852224736,0.847834206810034,-0.13999999999999999,0.4882106184637487,circulation,0.7197552339923552,False,0.8964071430218016,False
sca_centroid,t2m_djfm,24,-0.2377957342510652,0.24805349153799514,-0.3147772028782825,0.10816156559781678,-0.16,0.44072265478031225,climate,0.5014414667649794,False,0.26755755700512573,False
sca_centroid,t2m_ondjfm,24,-0.16686629927671148,0.4302989461794863,-0.2608071279632726,0.18828021057498243,-0.04,0.8510331742842623,climate,0.658592000266948,False,0.3806094579365236,False
sca_centroid,tmin_djfm,24,-0.18732393335868353,0.4133936098009894,-0.3014222122885364,0.15810586274598593,-0.17217391304347823,0.4528159266505938,climate,0.6561045223853437,False,0.3405540140887834,False
sca_centroid,tmax_djfm,24,-0.24276022007334636,0.24143796412279137,-0.29577442595464726,0.1426939102208091,-0.13652173913043478,0.5144561010464692,climate,0.49337323103353015,False,0.32846765347836454,False
sca_centroid,precip_ondjfm,24,-0.14279101794825097,0.5059776220628698,-0.15637987250315477,0.466450448500927,-0.20956521739130432,0.3260572472577886,climate,0.6924255289692474,False,0.683646765154962,False
sca_centroid,precip_djfm,24,-0.0755891895292739,0.7253385967377342,-0.08251597107686309,0.7015439604826306,-0.10956521739130433,0.6100083043844811,climate,0.8443570042519754,False,0.829498519312796,False
sca_centroid,snowfall_ondjfm,24,0.2619356409983318,0.23709503466428558,0.356615878756088,0.0873351442955502,0.2452173913043478,0.269449348811685,climate,0.4898227089767658,False,0.22963646332256554,False
sca_centroid,snowfall_fraction_ondjfm,24,0.4333949054532037,0.04001237982727208,0.5571579869525964,0.0042390422464496915,0.38434782608695645,0.07186471941567568,climate,0.14606460985489614,False,0.021349165589575607,True
sca_centroid,pdd_ondjfm,24,-0.1488204622777647,0.4772628952935859,-0.23547322732396134,0.23290061919643695,0.034782608695652174,0.8687629893641281,climate,0.6889054879382637,False,0.4490801682967195,False
sca_centroid,isotherm0_m_djfm,24,-0.20693661493550417,0.31990075619618263,-0.28277127844198324,0.15371684774020045,-0.17913043478260868,0.3905514693377825,climate,0.574377434822392,False,0.3379972792416103,False
sca_centroid,swe_max,24,0.396704365681691,0.06647916208904628,0.46003398269080936,0.02700247661793869,0.3991304347826086,0.06468405270489434,climate,0.21172003591729896,False,0.09146784872382835,False
sca_centroid,NAO_ONDJFM,24,0.08935259446334337,0.6886433631484759,0.04546686536355868,0.834303617559373,0.01826086956521739,0.9348596744426316,circulation,0.8246175303943533,False,0.8937269521433738,False
sca_centroid,EA_ONDJFM,24,-0.467712856411754,0.022968129906554606,-0.49942404301479504,0.013806996645686971,-0.46434782608695646,0.02410654402137698,circulation,0.09595574272071702,False,0.05351990452348764,False
sca_centroid,WP_ONDJFM,24,0.3483485275443075,0.12425242031953325,0.32353845424637595,0.13379211433578894,0.18869565217391301,0.41582876622397935,circulation,0.31566831108205745,False,0.3163888993097902,False
sca_centroid,EAWR_ONDJFM,24,0.31929684770377537,0.14751664156002978,0.3032700685042423,0.16945272833198588,0.2817391304347826,0.20402117891898322,circulation,0.3555529309395589,False,0.35594539582584744,False
sca_centroid,SCAND_ONDJFM,24,-0.1324886425545207,0.49799179655182546,-0.10492883864462946,0.59233670488099,-0.13652173913043478,0.4848806054404007,circulation,0.6924255289692474,False,0.7682783713892082,False
sca_centroid,POL_ONDJFM,24,0.1019651480201132,0.6238592745698285,0.1303616827005601,0.5261202334162506,0.17913043478260868,0.38633048491250677,circulation,0.7767254544313096,False,0.7326711398685564,False
sca_centroid,AO_ONDJFM,24,0.17652210414445338,0.3853822574591622,0.1426077226096834,0.4758819341194702,0.11913043478260868,0.5597112757827046,circulation,0.649792505850426,False,0.6855617135207693,False
sca_centroid,NINO34_ONDJFM,24,-0.28888763024570263,0.16795432262987037,-0.30495905519307276,0.14535413820264867,-0.3313043478260869,0.11123741624092268,circulation,0.3874283761277991,False,0.32846765347836454,False
sca_centroid,DMI_ONDJFM,24,0.14626511359258054,0.5081223704765796,0.08573994012885464,0.6840593297671996,0.1408695652173913,0.5240595088395688,circulation,0.6924255289692474,False,0.8206220857881386,False
sca_centroid,AMO_ONDJFM,23,0.11146002627098273,0.6158061741429942,0.07548010223072113,0.7304454964338203,0.12845849802371542,0.5626356302469284,circulation,0.7708757952795404,False,0.8472568120626032,False
sca_centroid,NCP_ONDJFM,24,0.20227558801853399,0.31775554187699495,0.20568056148158292,0.3104204161658998,0.15391304347826085,0.4491461843085568,circulation,0.574377434822392,False,0.547972190039335,False
sca_centroid,MOI_ONDJFM,24,0.25716830967134824,0.2196190327237763,0.24510907410442473,0.2422594045442073,0.22608695652173913,0.2824142044965938,circulation,0.46391436125921287,False,0.4600481621647573,False
sca_centroid,NAO_DJF,24,0.0691870322406776,0.7603370808505836,0.01653342882985885,0.9401913457610553,-0.02608695652173913,0.9085277201409834,circulation,0.8615375211246477,False,0.9580269539462244,False
sca_centroid,EA_DJF,24,-0.4435016260541156,0.03119138636529268,-0.4693091234702473,0.021363616915858755,-0.4339130434782608,0.035489454289653125,circulation,0.12426755983746239,False,0.07507214916227002,False
sca_centroid,WP_DJF,24,0.2710473165093862,0.22586121065894793,0.2396335756440627,0.2749490498802415,0.2817391304347826,0.20735936141661368,circulation,0.47443472183108615,False,0.5042967939266868,False
sca_centroid,EAWR_DJF,24,0.2901912790377916,0.16709516462283622,0.3034510734809922,0.14676214304352458,0.2813655208936419,0.18097490137847672,circulation,0.3874283761277991,False,0.32846765347836454,False
sca_centroid,SCAND_DJF,24,-0.09606635846051453,0.6283879569579547,-0.06769198946625934,0.7323363402136862,-0.07913043478260869,0.6903554369764204,circulation,0.7769068179871753,False,0.8472568120626032,False
sca_centroid,POL_DJF,24,0.17706476192531384,0.3819509634230879,0.2536981525239681,0.18190830304154001,0.18869565217391301,0.350943077449979,circulation,0.6469079380499145,False,0.37581056012977493,False
sca_centroid,AO_DJF,24,0.16033872170622432,0.4348379555891828,0.13516485450980678,0.5082336254355434,0.15652173913043477,0.44599279452790797,circulation,0.6619395599252338,False,0.720874661066076,False
sca_centroid,NINO34_DJF,24,-0.26384994912625215,0.207920177118797,-0.28253705570403564,0.17730787461635297,-0.32434782608695645,0.11804290426815844,circulation,0.4492987735440671,False,0.3683301704737499,False
sca_centroid,DMI_DJF,24,0.14050140384173576,0.5236089445459899,0.07642194225492757,0.7143274118409466,0.19565217391304346,0.3721840748595202,circulation,0.6924255289692474,False,0.8360399853126026,False
sca_centroid,AMO_DJF,23,0.14898676724131493,0.4968795470910857,0.12009657938255443,0.5803937106415995,0.16403162055335968,0.4539063938413148,circulation,0.6924255289692474,False,0.7657124042148822,False
sca_centroid,NCP_DJF,24,0.21824510239302086,0.28479941560212046,0.23610586261260114,0.24500049300707008,0.28521739130434776,0.15842681809560205,circulation,0.537862244890681,False,0.4629155043751676,False
sca_centroid,MOI_DJF,24,0.3310446887110534,0.11202659056664274,0.32066905864957773,0.12415989336797292,0.27043478260869563,0.1986537765692183,circulation,0.29308669120598035,False,0.2973510822061008,False
sca_centroid,NAO_SON,24,-0.02625302343704014,0.8962538202787551,-0.03437059217685613,0.8644446363810816,-0.13826086956521738,0.4902377187604625,circulation,0.938694808982763,False,0.907908333182365,False
sca_centroid,EA_SON,24,-0.0418094394888943,0.8448162703248305,-0.11846463154472706,0.5574540488207089,-0.10356835950297687,0.6269891010536461,circulation,0.9116043982228786,False,0.7523559366585235,False
sca_centroid,WP_SON,24,0.1818144240657299,0.3736534551021935,0.1875338036769505,0.3593949215671003,0.15655577669507123,0.44464417760527664,circulation,0.635718095558483,False,0.5952973150186331,False
sca_centroid,EAWR_SON,24,0.07403561336264743,0.7125081003001011,0.08594984591104285,0.6690347386662072,-0.09391304347826085,0.6399150830244125,circulation,0.8345889274543241,False,0.8088651502845464,False
sca_centroid,SCAND_SON,24,-0.08153438314377039,0.6965680641721983,-0.06312712034489876,0.764345552480231,-0.013043478260869565,0.9503383394026794,circulation,0.8277665939190614,False,0.8556726358390544,False
sca_centroid,POL_SON,24,0.01717518936190683,0.9418355062601331,0.050630384651752666,0.8271863446503886,0.08956521739130434,0.7030328378426901,circulation,0.9567161507798994,False,0.8914366474386988,False
sca_centroid,AO_SON,24,0.10042495080748758,0.5959330913626641,0.0868185906807234,0.6476194606363996,0.05652173913043478,0.7657606237364214,circulation,0.7595621774656329,False,0.7997087620465522,False
sca_centroid,NINO34_SON,24,-0.33019977028844544,0.11022149471061955,-0.33535978588099646,0.10482593964979087,-0.37217391304347824,0.06949948306353856,circulation,0.2922565171842555,False,0.2660591622489209,False
sca_centroid,DMI_SON,24,0.08481376935760998,0.686586606735299,0.039568990226918115,0.8484066122259725,0.025217391304347827,0.9046646239250369,circulation,0.8246175303943533,False,0.8964071430218016,False
sca_centroid,AMO_SON,23,0.06457662552830461,0.7749395554417551,0.019035910783979357,0.9314077777832305,0.12055335968379448,0.5925363507507226,circulation,0.8661862885143822,False,0.9516557729524311,False
sca_centroid,NCP_SON,24,0.019475547764156678,0.9243646824551508,-0.003388209483319693,0.9867988920678161,-0.11652173913043477,0.5687440963668453,circulation,0.9496205480960019,False,0.989430355779997,False
sca_centroid,MOI_SON,24,-0.11933755359496652,0.532315787322994,-0.14550249875065918,0.4452712966014484,-0.18173913043478263,0.3392771824408931,circulation,0.6973893241583475,False,0.6617470653049193,False
melt_rate_feb_mar,t2m_djfm,24,0.18569913091559676,0.40205839576403013,0.2725706169738041,0.2393921205044958,0.08434782608695651,0.7054604594149704,climate,0.6561045223853437,False,0.45691084928776865,False
melt_rate_feb_mar,t2m_ondjfm,24,0.29084861953310137,0.17371739193410815,0.4197671184193315,0.061133227797312936,0.05217391304347826,0.811201939598982,climate,0.39586508707408885,False,0.17282777181796738,False
melt_rate_feb_mar,tmin_djfm,24,-0.03692288457661458,0.8532626400261407,0.05896313217094022,0.7805427522657987,-0.11652173913043477,0.5582165903961911,climate,0.9140363323356949,False,0.8653148417836997,False
melt_rate_feb_mar,tmax_djfm,24,0.3621889371451437,0.09073313208054658,0.432839385269806,0.04585539360299717,0.11130434782608695,0.6145582269323375,climate,0.25642019199591387,False,0.1390453870542495,False
melt_rate_feb_mar,precip_ondjfm,24,-0.2833735546797484,0.1792853991236922,-0.27431284267629275,0.1934430155411957,-0.3182608695652174,0.12928659226022343,climate,0.40281906428282094,False,0.38483901504491846,False
melt_rate_feb_mar,precip_djfm,24,-0.27854646014455076,0.18790862120451418,-0.2755943455695055,0.1922927512343211,-0.3043478260869565,0.1485635914840205,climate,0.41560965631116076,False,0.3845855024686422,False
melt_rate_feb_mar,snowfall_ondjfm,24,-0.21156358609292694,0.2968180634874787,-0.31732790466708943,0.13053207666549066,-0.03739130434782608,0.8553055855456952,climate,0.5497713885285319,False,0.31063329636850945,False
melt_rate_feb_mar,snowfall_fraction_ondjfm,24,-0.07872878646068776,0.7053834718241172,-0.1753323224317219,0.4191610776746121,0.17565217391304347,0.3959836473407373,climate,0.8288255793933377,False,0.6355022790550571,False
melt_rate_feb_mar,pdd_ondjfm,24,0.3286474335584459,0.12691334966881188,0.4551323088126729,0.042483711022590964,0.14869565217391303,0.499656351002967,climate,0.31812946316982177,False,0.13311562787078504,False
melt_rate_feb_mar,isotherm0_m_djfm,24,0.17337842806448273,0.43088731932358837,0.26077718799254634,0.25708798866203497,0.09478260869565217,0.6684353944374919,climate,0.658592000266948,False,0.48092081461156794,False
melt_rate_feb_mar,swe_max,24,-0.1677923629763405,0.4099875705903724,-0.22981064315296704,0.2662427272424184,-0.008695652173913044,0.9661836512855051,climate,0.6561045223853437,False,0.4907218894272025,False
melt_rate_feb_mar,NAO_ONDJFM,24,-0.2669635919740504,0.18944940280722267,-0.22529056668105896,0.2846464200756796,-0.1226086956521739,0.5525783627581051,circulation,0.4165671079269926,False,0.5172192214135015,False
melt_rate_feb_mar,EA_ONDJFM,24,0.061775389644902146,0.7709647971466047,0.09012975315964752,0.6717726888258719,-0.1878260869565217,0.37225718615089776,circulation,0.8653216827675324,False,0.8095722147388713,False
melt_rate_feb_mar,WP_ONDJFM,24,0.009402206376563138,0.9619250764430817,0.11174387084983689,0.5899986288173928,-0.003478260869565217,0.9859101796927576,circulation,0.9670690608090875,False,0.7682783713892082,False
melt_rate_feb_mar,EAWR_ONDJFM,24,-0.0537750128367089,0.7921421719923112,-0.02611389694309063,0.8976653795701772,-0.16173913043478258,0.4252672513708303,circulation,0.8760160490267912,False,0.9221917560611658,False
melt_rate_feb_mar,SCAND_ONDJFM,24,-0.07877206341134652,0.7425216427753968,-0.12188518131532014,0.6154682591636766,-0.20434782608695648,0.38977378324555734,circulation,0.8564053303176355,False,0.7844612387984489,False
melt_rate_feb_mar,POL_ONDJFM,24,-0.2821815658721472,0.19855367925730144,-0.3229144525070383,0.14554696106305087,-0.16695652173913042,0.45300700795892535,circulation,0.43404757791131016,False,0.32846765347836454,False
melt_rate_feb_mar,AO_ONDJFM,24,-0.25003916155165873,0.26603362097978217,-0.21133449654876696,0.36552052683801695,-0.13391304347826086,0.5559819279138724,circulation,0.5264665341494636,False,0.5970386013996252,False
melt_rate_feb_mar,NINO34_ONDJFM,24,-0.072840576231248,0.7372032400619626,-0.0592917736910724,0.7844846906158154,-0.18521739130434778,0.39001442776842987,circulation,0.8555198094546232,False,0.8653148417836997,False
melt_rate_feb_mar,DMI_ONDJFM,24,-0.33994848033675007,0.09276447615335265,-0.2965882161548527,0.170921206870529,-0.4052173913043478,0.04218892576756641,circulation,0.25720138881060944,False,0.3570354099073273,False
melt_rate_feb_mar,AMO_ONDJFM,23,0.6571478212342801,0.0005753643105223255,0.7737818477235455,1.7515370452193092e-05,0.5118577075098815,0.011627646118444513,circulation,0.0044150404235998855,True,0.0007317532544471781,True
melt_rate_feb_mar,NCP_ONDJFM,24,-0.1877041945296016,0.4081284130798546,-0.19227429424309642,0.39931746184789585,-0.11913043478260868,0.6015518692500683,circulation,0.6561045223853437,False,0.6283479224432645,False
melt_rate_feb_mar,MOI_ONDJFM,24,-0.08467787229065514,0.6978776868945278,-0.06631996434753766,0.7620080086311491,0.019130434782608695,0.9302350429913179,circulation,0.8277665939190614,False,0.8556726358390544,False
melt_rate_feb_mar,NAO_DJF,24,-0.1395835509139899,0.49075003103136583,-0.08035398312883205,0.7011851538199594,-0.06434782608695652,0.7516616011942148,circulation,0.6924255289692474,False,0.829498519312796,False
melt_rate_feb_mar,EA_DJF,24,0.06069152005735823,0.7763424979503903,0.08413857356522966,0.6939351946801771,-0.15304347826086956,0.4715412875442323,circulation,0.8661862885143822,False,0.8256950417713499,False
melt_rate_feb_mar,WP_DJF,24,0.010015069802062793,0.9605645814836101,0.07404201486949134,0.7200834970392138,0.05217391304347826,0.7965952511866194,circulation,0.9670690608090875,False,0.8382396126524594,False
melt_rate_feb_mar,EAWR_DJF,24,0.21588138740412852,0.31337735393915533,0.20780891474322,0.3339647783538766,0.20004349244370212,0.3510281422519027,circulation,0.5692264979764368,False,0.5707761666411709,False
melt_rate_feb_mar,SCAND_DJF,24,-0.1503198290749295,0.5226990235714137,-0.19553887433302491,0.4123551085878132,-0.23391304347826083,0.3158738296268697,circulation,0.6924255289692474,False,0.6328388605266031,False
melt_rate_feb_mar,POL_DJF,24,-0.24623350002820238,0.27588747683796366,-0.3449551415043906,0.1531064814537002,-0.05826086956521739,0.7994728354703611,circulation,0.5319019796889453,False,0.3379972792416103,False
melt_rate_feb_mar,AO_DJF,24,-0.1474941009139907,0.5122777596556487,-0.11552832176276608,0.6140901904244545,-0.04608695652173912,0.8385559591410027,circulation,0.6924255289692474,False,0.7844612387984489,False
melt_rate_feb_mar,NINO34_DJF,24,-0.058895880615422364,0.7871156269142279,-0.04206048765016013,0.8469372345817758,-0.17739130434782607,0.4126595555059265,circulation,0.8750247802389459,False,0.8964071430218016,False
melt_rate_feb_mar,DMI_DJF,24,-0.2480584195404289,0.22867962912991566,-0.1856369121789087,0.403962513057307,-0.18521739130434778,0.3721569590275188,circulation,0.47739920693498167,False,0.6302485680894084,False
melt_rate_feb_mar,AMO_DJF,23,0.6477705268441479,0.0008483868205215935,0.7396226362346658,7.29357443927044e-05,0.5,0.01528369592334896,circulation,0.006134489317617676,True,0.0017139899932285534,True
melt_rate_feb_mar,NCP_DJF,24,0.11494106273379347,0.610582841675273,0.09939251508625235,0.6631519619895945,0.12956521739130433,0.5655919631896316,circulation,0.7678232390297747,False,0.8088651502845464,False
melt_rate_feb_mar,MOI_DJF,24,-0.07714259762831893,0.7218501988425294,-0.05932464781542633,0.7847669176814936,0.023478260869565212,0.9138393101117503,circulation,0.8429058222509038,False,0.8653148417836997,False
melt_rate_feb_mar,NAO_SON,24,-0.26304709023178086,0.2508364856223659,-0.25786848913097843,0.2657397825788387,-0.16695652173913042,0.4709097844417388,circulation,0.5043557144064683,False,0.4907218894272025,False
melt_rate_feb_mar,EA_SON,24,-0.028973324848257265,0.8941740033912658,0.05519969182998408,0.8131881388309644,-0.10443868185174138,0.630711311194118,circulation,0.938694808982763,False,0.8811491072058865,False
melt_rate_feb_mar,WP_SON,24,0.1793512986591228,0.42576995601602086,0.1774927142037015,0.4328572653375139,0.31485106202008767,0.15465640239191744,circulation,0.6561045223853437,False,0.6536318544855632,False
melt_rate_feb_mar,EAWR_SON,24,-0.346684364572784,0.1252550469761292,-0.36660613503415096,0.10684822739251876,-0.2869565217391304,0.2091722367189687,circulation,0.31607985008741324,False,0.2660591622489209,False
melt_rate_feb_mar,SCAND_SON,24,0.14628254393648243,0.5093420125212507,0.12523512849693846,0.5712171963741745,0.11304347826086956,0.6108874445323822,circulation,0.6924255289692474,False,0.7589316814017301,False
melt_rate_feb_mar,POL_SON,24,-0.207942103720878,0.28263926048795696,-0.25722379591992006,0.18318228709230033,-0.17304347826086955,0.3729170907205591,circulation,0.5367291007246051,False,0.37637453522789577,False
melt_rate_feb_mar,AO_SON,24,-0.24214957227975042,0.3253787064286423,-0.22850426526213433,0.362705116040153,-0.1252173913043478,0.6150191453189299,circulation,0.574377434822392,False,0.5955332909654915,False
melt_rate_feb_mar,NINO34_SON,24,-0.08940494009702402,0.6824102670963906,-0.08860333667316146,0.6853067418549881,-0.2278260869565217,0.2916362828716354,circulation,0.8223918603469323,False,0.8206220857881386,False
melt_rate_feb_mar,DMI_SON,24,-0.36119317031608056,0.09138379182833099,-0.3262142713157198,0.13983189689515424,-0.4591304347826086,0.02801531265365843,circulation,0.25642019199591387,False,0.3245481063739382,False
melt_rate_feb_mar,AMO_SON,23,0.4828612563070174,0.016426506183698092,0.6053611811354425,0.002161645210854135,0.3359683794466403,0.107105055023455,circulation,0.07352817053655336,False,0.013541517291414163,True
melt_rate_feb_mar,NCP_SON,24,-0.2592431180445619,0.24776094061454046,-0.23791876798313422,0.29511950616406357,-0.1826086956521739,0.41969817247136865,circulation,0.5014414667649794,False,0.5309327000846311,False
melt_rate_feb_mar,MOI_SON,24,0.10296689109657732,0.6759366515870419,0.13480575681464732,0.5909917551673178,0.10086956521739131,0.6822054635675026,circulation,0.8172095851984814,False,0.7682783713892082,False
