snow,index,n,r_simple,p_simple,r_partial,p_partial,attenuation,q_partial,sig_partial
sca_mean,NAO_ONDJFM,24,0.0664304433522443,0.7620400705871818,-0.35953529673125056,0.1002953807803974,-0.29310485337900627,0.9476057848447951,False
sca_mean,EA_ONDJFM,24,-0.22120733152246577,0.3022607433131558,-0.14820689831483935,0.5103936837906233,0.07300043320762642,0.9719783445134552,False
sca_mean,WP_ONDJFM,24,-0.44823322664651244,0.035179563514196294,-0.2911930568667122,0.18857701437174598,0.15704016977980023,0.9476057848447951,False
sca_mean,EAWR_ONDJFM,24,0.4415926755157461,0.035150616171054645,0.29564982193865574,0.181592172693933,0.14594285357709036,0.9476057848447951,False
sca_mean,SCAND_ONDJFM,24,-0.1723050329478048,0.398056259791173,0.0002391990294040468,0.9991570768682321,0.17206583391840075,0.9991570768682322,False
sca_mean,POL_ONDJFM,24,0.4001296262339733,0.048657970307206186,0.11176968130751008,0.6204579543862475,0.2883599449264632,0.9719783445134552,False
sca_mean,AO_ONDJFM,24,0.2173740875447362,0.2948828431727773,-0.25506617856143987,0.25195788366584515,-0.03769209101670368,0.9476057848447951,False
sca_mean,NINO34_ONDJFM,24,0.045589395108328976,0.8318711542726639,-0.10081077706681354,0.6553200652285378,-0.05522138195848457,0.9719783445134552,False
sca_mean,DMI_ONDJFM,24,-0.23460917591356864,0.2772680532421098,-0.3372915756574038,0.12476429466165662,-0.10268239974383517,0.9476057848447951,False
sca_mean,AMO_ONDJFM,23,-0.047246822037327954,0.8308914143265116,0.17920882929805146,0.4369963534597656,-0.1319620072607235,0.9719783445134552,False
sca_mean,NCP_ONDJFM,24,0.6391504400221957,0.0005503194251702419,0.0601959327020582,0.7901591067760414,0.5789545073201374,0.9719783445134552,False
sca_mean,MOI_ONDJFM,24,0.46375570444880204,0.02164290557936682,0.06189997463609685,0.7843526146298057,0.4018557298127052,0.9719783445134552,False
sca_mean,NAO_DJF,24,0.17854064900363067,0.4163610791460364,-0.014271521785752018,0.949738713530391,0.16426912721787865,0.9853611305345166,False
sca_mean,EA_DJF,24,-0.21222159217616154,0.32132609757503316,-0.1998624200720194,0.37251988623027954,0.012359172104142141,0.9719783445134552,False
sca_mean,WP_DJF,24,-0.23589929417114083,0.28101041034874247,-0.2584934484981579,0.24542104576699894,-0.022594154327017085,0.9476057848447951,False
sca_mean,EAWR_DJF,24,0.5354928862102325,0.0068758312985816895,0.19982749765183175,0.3726051621591856,0.3356653885584008,0.9719783445134552,False
sca_mean,SCAND_DJF,24,-0.18334450899616428,0.37126262892010453,-0.05460541852640282,0.8092827697993606,0.12873909046976145,0.9719783445134552,False
sca_mean,POL_DJF,24,0.5241550407480531,0.006834754067888949,0.12063778940873625,0.592807642659108,0.4035172513393168,0.9719783445134552,False
sca_mean,AO_DJF,24,0.38260144952542624,0.05925480555302544,-0.0256699328678124,0.9097192108714381,0.35693151665761386,0.9812701600411018,False
sca_mean,NINO34_DJF,24,0.040928870320947705,0.8485679238776797,-0.11369317557463923,0.6144166928474383,-0.07276430525369153,0.9719783445134552,False
sca_mean,DMI_DJF,24,-0.42112197416498565,0.04321040334249848,-0.4440134738546564,0.0384429652755578,-0.022891499689670747,0.9467485148568299,False
sca_mean,AMO_DJF,23,-0.016805034213355913,0.939313411284414,0.18476633856495098,0.42266954698179904,-0.16796130435159506,0.9719783445134552,False
sca_mean,NCP_DJF,24,0.5238655470365705,0.007217059424399668,0.1255185535107035,0.5778160313176279,0.398346993525867,0.9719783445134552,False
sca_mean,MOI_DJF,24,0.5579992923006922,0.00448629851268576,0.28478146858199554,0.19894262200349752,0.2732178237186967,0.9476057848447951,False
sca_mean,NAO_SON,24,-0.2348600463497278,0.252384640430772,-0.5154216939212103,0.014087089787029671,-0.2805616475714825,0.7908610865290822,False
sca_mean,EA_SON,24,-0.3332627740097822,0.10985783895404577,-0.12457699357937208,0.5806952465391957,0.20868578043041014,0.9719783445134552,False
sca_mean,WP_SON,24,0.02371202449044113,0.9103576259000152,0.08278282666516662,0.7141781806192389,-0.05907080217472549,0.9719783445134552,False
sca_mean,EAWR_SON,24,0.4985278107668989,0.010164501984958892,0.13836275391111622,0.5391745113982964,0.3601650568557827,0.9719783445134552,False
sca_mean,SCAND_SON,24,-0.13233849625606703,0.531436078615154,-0.05472970112970662,0.8088564452765346,0.0776087951263604,0.9719783445134552,False
sca_mean,POL_SON,24,0.13340057728468432,0.5524892844338349,0.11016726276238212,0.6255089151167077,0.023233314522302206,0.9719783445134552,False
sca_mean,AO_SON,24,-0.16379196803202406,0.4139885352825591,-0.26333232871269663,0.2363803615189399,-0.09954036068067257,0.9476057848447951,False
sca_mean,NINO34_SON,24,0.0840714993710377,0.6940992488493647,-0.010957776026496401,0.9613993490252906,0.07311372334454129,0.9853611305345166,False
sca_mean,DMI_SON,24,0.09037089113802968,0.6707345226538486,-0.04316818718651561,0.8487244972494243,0.04720270395151407,0.9730344554724191,False
sca_mean,AMO_SON,23,-0.14068283251073027,0.5246169107466676,0.0680097880321974,0.769586988533288,0.07267304447853287,0.9719783445134552,False
sca_mean,NCP_SON,24,0.35786571924437227,0.07809786392273303,-0.22895242015619602,0.3054137535365185,0.12891329908817625,0.9719783445134552,False
sca_mean,MOI_SON,24,-0.16533925133125518,0.41196535303352155,-0.1291147937139113,0.5668765268029492,0.036224457617343886,0.9719783445134552,False
sca_max,NAO_ONDJFM,24,0.06729460809529669,0.7531674705568314,-0.22800310797741843,0.3074785601138799,-0.16070849988212174,0.9719783445134552,False
sca_max,EA_ONDJFM,24,-0.24909705696846063,0.23932197626681614,-0.14875939572944427,0.5088006694363242,0.10033766123901636,0.9719783445134552,False
sca_max,WP_ONDJFM,24,-0.39033636203993527,0.055628970357841145,-0.21770633439619327,0.33041983455228063,0.172630027643742,0.9719783445134552,False
sca_max,EAWR_ONDJFM,24,0.3040658976368852,0.14498547607981432,0.13887854600969413,0.5376481236688402,0.16518735162719106,0.9719783445134552,False
sca_max,SCAND_ONDJFM,24,-0.3489359415151463,0.10048748433000401,-0.2788194752255433,0.20891996231332594,0.070116466289603,0.9476057848447951,False
sca_max,POL_ONDJFM,24,0.38791638759192754,0.06268235642750644,0.16206280976495055,0.47118288593018043,0.225853577826977,0.9719783445134552,False
sca_max,AO_ONDJFM,24,0.2999600168758925,0.15829306193854462,-0.015039776491402795,0.9470366593729791,0.2849202403844897,0.9853611305345166,False
sca_max,NINO34_ONDJFM,24,-0.06732362638673399,0.7549191062872896,-0.1726526760614254,0.4422853640488542,-0.10532904967469141,0.9719783445134552,False
sca_max,DMI_ONDJFM,24,-0.2871083775873776,0.17137563391343047,-0.30808892046808334,0.16304029165059628,-0.02098054288070572,0.9476057848447951,False
sca_max,AMO_ONDJFM,23,0.1602702798549985,0.4634642696950332,0.38957718987654555,0.08086603914416385,-0.22930691002154704,0.9476057848447951,False
sca_max,NCP_ONDJFM,24,0.582223229827881,0.003114978659461526,0.13310342292398247,0.5548517728117668,0.4491198069038985,0.9719783445134552,False
sca_max,MOI_ONDJFM,24,0.44895788709122386,0.028097143436194013,0.1420972346908786,0.5281685375529686,0.30686065240034527,0.9719783445134552,False
sca_max,NAO_DJF,24,0.2225525020749171,0.29135292283578373,0.09629561925976371,0.6698929882007474,0.1262568828151534,0.9719783445134552,False
sca_max,EA_DJF,24,-0.23089993886268229,0.2770249037269556,-0.17500864808284014,0.4359864087096903,0.055891290779842145,0.9719783445134552,False
sca_max,WP_DJF,24,-0.2595502746984344,0.215947606039229,-0.2395778575724757,0.28288409396334896,0.01997241712595868,0.9698883221600535,False
sca_max,EAWR_DJF,24,0.4369506871224481,0.032902039886051504,0.13206222812167656,0.5579795964996438,0.30488845900077155,0.9719783445134552,False
sca_max,SCAND_DJF,24,-0.30839496643433806,0.14859729711351388,-0.26144703977122796,0.2398765154906078,0.046947926663110096,0.9476057848447951,False
sca_max,POL_DJF,24,0.43575197744704014,0.035112035323233926,0.09201239742417557,0.6838242174420444,0.3437395800228646,0.9719783445134552,False
sca_max,AO_DJF,24,0.443168324260395,0.03139738878872055,0.1585923769087929,0.4808572954948088,0.2845759473516021,0.9719783445134552,False
sca_max,NINO34_DJF,24,-0.06957482309342805,0.747147491872253,-0.1765280922592737,0.43194946729420647,-0.10695326916584566,0.9719783445134552,False
sca_max,DMI_DJF,24,-0.37697016597557553,0.06805892624787371,-0.2688431050255195,0.2263523386575841,0.10812706095005603,0.9476057848447951,False
sca_max,AMO_DJF,23,0.151206559779402,0.4912552997228963,0.34853447368677754,0.12152543278956426,-0.19732791390737553,0.9476057848447951,False
sca_max,NCP_DJF,24,0.4535140263251182,0.027229956371885956,0.1025650786109775,0.6496901160444695,0.35094894771414076,0.9719783445134552,False
sca_max,MOI_DJF,24,0.610395130013149,0.0015545085208253167,0.43281988843758873,0.04422166101538867,0.17757524157556032,0.9467485148568299,False
sca_max,NAO_SON,24,-0.3103778522978611,0.14496386155564708,-0.5051866523139095,0.016476272636022544,-0.1948088000160484,0.7908610865290822,False
sca_max,EA_SON,24,-0.3643996665166509,0.08050755684676225,-0.18126770257940658,0.41948631431273886,0.18313196393724432,0.9719783445134552,False
sca_max,WP_SON,24,0.10321146908752525,0.6341215337371351,0.12547850359969606,0.577938374415615,-0.02226703451217081,0.9719783445134552,False
sca_max,EAWR_SON,24,0.3430819163008557,0.10514760141958424,-0.004430304592653112,0.9843887870687729,0.3386516117082026,0.9982534178725585,False
sca_max,SCAND_SON,24,-0.2559744603396973,0.22981185227455236,-0.2398339796689322,0.282354213094649,0.016140480670765095,0.9698883221600535,False
sca_max,POL_SON,24,0.17030399300236287,0.4188835120555041,0.1649279502990741,0.46327118092940434,0.005376042703288786,0.9719783445134552,False
sca_max,AO_SON,24,-0.06490166670213185,0.7685514999701241,-0.09315052127043016,0.6801125328366413,-0.028248854568298315,0.9719783445134552,False
sca_max,NINO34_SON,24,-0.03202300954989914,0.882203871316934,-0.10514537759893677,0.6414428594848909,-0.07312236804903763,0.9719783445134552,False
sca_max,DMI_SON,24,-0.031619781945441544,0.8838956748388356,-0.14210324059642265,0.528150922901437,-0.11048345865098111,0.9719783445134552,False
sca_max,AMO_SON,23,0.17362642176337334,0.42380026678445004,0.43745844685872454,0.0473484853264367,-0.2638320250953512,0.9467485148568299,False
sca_max,NCP_SON,24,0.3978188348877034,0.05644484896139927,0.010954358030965403,0.9614113808340249,0.386864476856738,0.9853611305345166,False
sca_max,MOI_SON,24,-0.17825848687842993,0.4148066260238552,-0.14989197616247538,0.505542637725212,0.028366510715954557,0.9719783445134552,False
sle_mean,NAO_ONDJFM,24,-0.20137638065264166,0.34174329499952216,0.05237356255193849,0.8169474506884998,0.14900281810070315,0.9719783445134552,False
sle_mean,EA_ONDJFM,24,0.172360393937363,0.4192805432842407,0.011309319102713416,0.9601619134090648,0.1610510748346496,0.9853611305345166,False
sle_mean,WP_ONDJFM,24,0.2928719338544008,0.1576674607169939,0.05670687412373482,0.802081298597626,0.23616505973066598,0.9719783445134552,False
sle_mean,EAWR_ONDJFM,24,-0.3280445774089179,0.11383005594010985,-0.1756845714093363,0.434188106567189,0.1523600059995816,0.9719783445134552,False
sle_mean,SCAND_ONDJFM,24,0.39721339222234076,0.05959837356278311,0.3536739836850363,0.10636863721487848,0.04353940853730448,0.9476057848447951,False
sle_mean,POL_ONDJFM,24,-0.18252240145110832,0.3967161988365636,0.18548139387790696,0.4085720386587943,-0.0029589924267986456,0.9719783445134552,False
sle_mean,AO_ONDJFM,24,-0.3206577028629583,0.13073418034349638,0.013379550992954103,0.9528765609132909,0.3072781518700042,0.9853611305345166,False
sle_mean,NINO34_ONDJFM,24,-0.11126126091314228,0.6052943018388477,-0.29433214018594944,0.18363858076491912,-0.18307087927280716,0.9476057848447951,False
sle_mean,DMI_ONDJFM,24,0.13740776217855377,0.5193355795738346,0.04644372400698366,0.8373886772913941,0.09096403817157012,0.9724513671771029,False
sle_mean,AMO_ONDJFM,23,0.032732206906350314,0.8816077074495556,-0.1560187538056627,0.49945831641928806,-0.1232865468993124,0.9719783445134552,False
sle_mean,NCP_ONDJFM,24,-0.6628293448119049,0.0004828241243004584,-0.2582722208132538,0.245839647614314,0.4045571239986511,0.9476057848447951,False
sle_mean,MOI_ONDJFM,24,-0.47135516045384146,0.020381472425733935,-0.15572607529136634,0.488922155373794,0.3156290851624751,0.9719783445134552,False
sle_mean,NAO_DJF,24,-0.14999598430733013,0.4794003154616999,0.019774550747588358,0.9303973190172969,0.13022143355974178,0.9853611305345166,False
sle_mean,EA_DJF,24,0.10351421647709161,0.6297321942973366,-0.029386977980580202,0.8967097632652354,0.0741272384965114,0.9812701600411018,False
sle_mean,WP_DJF,24,0.2680140981493244,0.20007142272346065,0.2555873825116844,0.2509566415489959,0.012426715637640029,0.9476057848447951,False
sle_mean,EAWR_DJF,24,-0.38883294609767516,0.060639679443970244,-0.02234324408811389,0.9213815043247519,0.36648970200956127,0.9838735922290293,False
sle_mean,SCAND_DJF,24,0.2961207680107573,0.16730805898680345,0.2492910646474916,0.2632238291235542,0.04682970336326572,0.9476057848447951,False
sle_mean,POL_DJF,24,-0.33632864621581954,0.11224596684484353,0.11986544572880742,0.5951949349173238,0.21646320048701212,0.9719783445134552,False
sle_mean,AO_DJF,24,-0.3639917413253228,0.08314662172964608,0.0010286986626515168,0.9963749380732057,0.36296304266267126,0.9991570768682322,False
sle_mean,NINO34_DJF,24,-0.11772559878757023,0.5846528690818926,-0.29259071422575755,0.18636717165672775,-0.17486511543818734,0.9476057848447951,False
sle_mean,DMI_DJF,24,0.3170398270377459,0.12902006239077274,0.1441845317345241,0.5220634128598765,0.1728552953032218,0.9719783445134552,False
sle_mean,AMO_DJF,23,-0.03140432210983697,0.8869640382483059,-0.22584404216997073,0.32493347158009,-0.19443972006013377,0.9719783445134552,False
sle_mean,NCP_DJF,24,-0.35743215872508743,0.08931474598359318,0.10160562474376507,0.6527669570765902,0.2558265339813224,0.9719783445134552,False
sle_mean,MOI_DJF,24,-0.4305985919326166,0.035909353026580736,-0.11803120647306696,0.600880667965055,0.31256738545954965,0.9719783445134552,False
sle_mean,NAO_SON,24,-0.02348399178760837,0.9145247443369857,0.04753859377876087,0.8336064274125814,-0.024054601991152502,0.9719783445134552,False
sle_mean,EA_SON,24,0.30134724091304443,0.15322215325835828,0.06423579850914622,0.7764113591168436,0.2371114424038982,0.9719783445134552,False
sle_mean,WP_SON,24,-0.14549341552929004,0.5017099703880652,-0.19361227735094955,0.38795897390393064,-0.0481188618216595,0.9719783445134552,False
sle_mean,EAWR_SON,24,-0.3623888290542326,0.08641926774863556,-0.0014242454827091914,0.9949810734347322,0.3609645835715234,0.9991570768682322,False
sle_mean,SCAND_SON,24,0.35263681921559853,0.09303028956979491,0.390154979865995,0.07264029051416403,-0.03751816065039648,0.9476057848447951,False
sle_mean,POL_SON,24,0.040461301139208275,0.8483631758078306,0.13991058470316356,0.5346000291954021,-0.09944928356395528,0.9719783445134552,False
sle_mean,AO_SON,24,-0.03628953919618663,0.8698911724142421,-0.049179835049191885,0.8279433996834421,-0.012890295853005253,0.9719783445134552,False
sle_mean,NINO34_SON,24,-0.13686649117520877,0.5248438185006263,-0.34015879455166553,0.12139022940253828,-0.20329230337645676,0.9476057848447951,False
sle_mean,DMI_SON,24,-0.12089394155315401,0.5755702810202378,-0.1143333155862508,0.6124114741086163,0.006560625966903211,0.9719783445134552,False
sle_mean,AMO_SON,23,0.21263534909220957,0.3243028693232217,0.11532337053460272,0.618636295721996,0.09731197855760686,0.9719783445134552,False
sle_mean,NCP_SON,24,-0.5002437273401201,0.013776371480795432,-0.1573960220643437,0.48421530228113585,0.34284770527577646,0.9719783445134552,False
sle_mean,MOI_SON,24,-0.14206018365149994,0.5184875780934455,-0.32028883344039266,0.14616751202429135,-0.17822864978889272,0.9476057848447951,False
sle_djfm,NAO_ONDJFM,24,-0.11248730711866597,0.6067818087389885,0.33576159723760585,0.12659207911127282,-0.22327429011893987,0.9476057848447951,False
sle_djfm,EA_ONDJFM,24,0.1776879679321485,0.40912098189675905,0.06172679424474105,0.7849422237544543,0.11596117368740745,0.9719783445134552,False
sle_djfm,WP_ONDJFM,24,0.4872587873863795,0.02009582606292532,0.3764690703162265,0.08418275417367965,0.110789717070153,0.9476057848447951,False
sle_djfm,EAWR_ONDJFM,24,-0.3656230641239536,0.08593175378688916,-0.11536959515702969,0.6091710356773385,0.2502534689669239,0.9719783445134552,False
sle_djfm,SCAND_ONDJFM,24,0.1070884004451278,0.602722354329396,-0.14590340511981206,0.5170611631095339,-0.03881500467468427,0.9719783445134552,False
sle_djfm,POL_ONDJFM,24,-0.42857601209194673,0.03375272204518999,-0.14836086418233124,0.5099495126923557,0.2802151479096155,0.9719783445134552,False
sle_djfm,AO_ONDJFM,24,-0.2267237595860298,0.27523132102652004,0.3010013384176356,0.1734416663735497,-0.0742775788316058,0.9476057848447951,False
sle_djfm,NINO34_ONDJFM,24,-0.01338082246249131,0.9503543602477653,0.249615566111061,0.262582434968947,-0.2362347436485697,0.9476057848447951,False
sle_djfm,DMI_ONDJFM,24,0.2127690572445759,0.3250098616587547,0.3266482638028566,0.1378790454100673,-0.11387920655828071,0.9476057848447951,False
sle_djfm,AMO_ONDJFM,23,0.16138695432468378,0.46243241412499736,0.0018662050271425034,0.9935943949199639,0.1595207492975413,0.9991570768682322,False
sle_djfm,NCP_ONDJFM,24,-0.6370009377972529,0.0006009523529327228,0.030618278511311006,0.8924057636204363,0.6063826592859418,0.9812701600411018,False
sle_djfm,MOI_ONDJFM,24,-0.40452334414044416,0.048655872820951,0.11635960048734006,0.6060818896844435,0.2881637436531041,0.9719783445134552,False
sle_djfm,NAO_DJF,24,-0.16758939071478807,0.4448552307228991,0.05671149454117808,0.802065481760566,0.11087789617360999,0.9719783445134552,False
sle_djfm,EA_DJF,24,0.13768158979237344,0.5226181974865347,0.0632854706262503,0.7796396981831655,0.07439611916612314,0.9719783445134552,False
sle_djfm,WP_DJF,24,0.208336924222026,0.34131527582884125,0.2281594830560454,0.30713785056488047,-0.0198225588340194,0.9719783445134552,False
sle_djfm,EAWR_DJF,24,-0.5612769030108447,0.004242662408280387,-0.23024407097375107,0.30261800455441423,0.33103283203709355,0.9719783445134552,False
sle_djfm,SCAND_DJF,24,0.14675932483222703,0.47722678748706737,-0.02671920444357338,0.9060444141128966,0.12004012038865365,0.9812701600411018,False
sle_djfm,POL_DJF,24,-0.5854047802311316,0.002044552954311569,-0.22388485936028532,0.3165343750558879,0.3615199208708463,0.9719783445134552,False
sle_djfm,AO_DJF,24,-0.3984198093579563,0.04914534913494307,0.03613130250712402,0.8731725169533215,0.36228850685083225,0.9784968283367961,False
sle_djfm,NINO34_DJF,24,-0.004785175515759264,0.9822056859304806,0.2713976028223747,0.22180036314378368,-0.26661242730661544,0.9476057848447951,False
sle_djfm,DMI_DJF,24,0.39932698582443105,0.056208808899594696,0.42710042324910935,0.04742409920390159,-0.027773437424678304,0.9467485148568299,False
sle_djfm,AMO_DJF,23,0.11004826574820975,0.6171106765402704,-0.042686617199573895,0.8542333805327336,0.06736164854863586,0.9730344554724191,False
sle_djfm,NCP_DJF,24,-0.5854094753267368,0.0021640729299160165,-0.23059017353713127,0.30187155010800737,0.3548193017896055,0.9719783445134552,False
sle_djfm,MOI_DJF,24,-0.5308372471530253,0.00745080502278348,-0.2086476705903765,0.35142359376128796,0.3221895765626488,0.9719783445134552,False
sle_djfm,NAO_SON,24,0.15686831590001676,0.4496491774557184,0.4325112359951153,0.044390065699533916,-0.27564292009509855,0.9467485148568299,False
sle_djfm,EA_SON,24,0.32891886553806177,0.11501102453543262,0.10483428817549337,0.6424350386690347,0.2240845773625684,0.9719783445134552,False
sle_djfm,WP_SON,24,0.052664121934658845,0.8028506523695285,0.07250619545369875,0.748471764731411,-0.01984207351903991,0.9719783445134552,False
sle_djfm,EAWR_SON,24,-0.45052149144290143,0.022454932709664845,0.01745562283946655,0.938543601626249,0.4330658686034349,0.9853611305345166,False
sle_djfm,SCAND_SON,24,0.06406838123328132,0.7630106237619885,-0.08154713565222288,0.7182751335326638,-0.01747875441894156,0.9719783445134552,False
sle_djfm,POL_SON,24,-0.1240090291141984,0.5794653345775527,-0.0973207183195495,0.6665741179704221,0.026688310794648895,0.9719783445134552,False
sle_djfm,AO_SON,24,0.21932479996222454,0.27425594537802656,0.40062214164592996,0.06465143939524905,-0.18129734168370543,0.9467485148568299,False
sle_djfm,NINO34_SON,24,-0.05543092128025329,0.7957217528333842,0.13843541599524678,0.5389593607355128,-0.0830044947149935,0.9719783445134552,False
sle_djfm,DMI_SON,24,-0.09793427614885103,0.645250287761295,0.05020590855566016,0.8244071502425816,0.04772836759319087,0.9719783445134552,False
sle_djfm,AMO_SON,23,0.22638315325612554,0.30035055957542756,0.07291296813828323,0.7534544460740056,0.15347018511784233,0.9719783445134552,False
sle_djfm,NCP_SON,24,-0.32697147630814843,0.11037347191533052,0.3850870858554874,0.0767659599046926,-0.058115609547338964,0.9476057848447951,False
sle_djfm,MOI_SON,24,0.2685396204753221,0.17998298616892,0.33604057430784307,0.12625737516773605,-0.06750095383252097,0.9476057848447951,False
sdi_mean,NAO_ONDJFM,24,0.09373293220305959,0.6723385652813787,-0.3614002479500917,0.09841755993490704,-0.26766731574703206,0.9476057848447951,False
sdi_mean,EA_ONDJFM,24,-0.18652068865067753,0.38815233877504984,-0.14172938745133776,0.529247918652646,0.04479130119933977,0.9719783445134552,False
sdi_mean,WP_ONDJFM,24,-0.40447721140856674,0.06700713902701749,-0.20496113165748828,0.3601895797081067,0.19951607975107846,0.9719783445134552,False
sdi_mean,EAWR_ONDJFM,24,0.4827102344316362,0.021788505228646327,0.32206561435989717,0.14381722538514263,0.16064462007173902,0.9476057848447951,False
sdi_mean,SCAND_ONDJFM,24,-0.1344943138185985,0.49817047418761895,0.0725877821330784,0.7481975933749643,0.0619065316855201,0.9719783445134552,False
sdi_mean,POL_ONDJFM,24,0.4054221996168341,0.043221628637883897,0.09313956613104729,0.6801482261717671,0.31228263348578683,0.9719783445134552,False
sdi_mean,AO_ONDJFM,24,0.22875402787868318,0.2620494706882449,-0.25248044177268003,0.25696308292455433,-0.02372641389399685,0.9476057848447951,False
sdi_mean,NINO34_ONDJFM,24,0.13042079104833262,0.5411942013608264,-0.04227482434256321,0.8518213172624973,0.08814596670576941,0.9730344554724191,False
sdi_mean,DMI_ONDJFM,24,-0.17571583020591652,0.4231439390829209,-0.3219172036801079,0.14401251010449576,-0.14620137347419138,0.9476057848447951,False
sdi_mean,AMO_ONDJFM,23,-0.07301227545019398,0.7420548576687107,0.16493976995542875,0.4749287903220606,-0.09192749450523477,0.9719783445134552,False
sdi_mean,NCP_ONDJFM,24,0.640037480351556,0.00043293248784113345,-0.004749206057059257,0.9832652102406993,0.6352882742944967,0.9982534178725585,False
sdi_mean,MOI_ONDJFM,24,0.49407778878064645,0.013204749789702241,0.08966761718684672,0.6914932676324517,0.4044101715937997,0.9719783445134552,False
sdi_mean,NAO_DJF,24,0.1707905009961883,0.44468469231223506,-0.05012251409502048,0.8246944382672614,0.12066798690116784,0.9719783445134552,False
sdi_mean,EA_DJF,24,-0.18109187070525745,0.4000157005925068,-0.1980793278599618,0.37688820715052707,-0.016987457154704344,0.9719783445134552,False
sdi_mean,WP_DJF,24,-0.16105627838247027,0.4730809427092958,-0.16079274338321967,0.4747118633272268,0.00026353499925060864,0.9719783445134552,False
sdi_mean,EAWR_DJF,24,0.580721034478439,0.002823829952143603,0.254609942407154,0.2528364275593831,0.326111092071285,0.9476057848447951,False
sdi_mean,SCAND_DJF,24,-0.19334613302131995,0.3330065344405727,-0.05824596774984571,0.796816773674901,0.13510016527147423,0.9719783445134552,False
sdi_mean,POL_DJF,24,0.5573065687412679,0.003064014433942333,0.13812461257259928,0.5398799202906466,0.41918195616866866,0.9719783445134552,False
sdi_mean,AO_DJF,24,0.3874853580029853,0.05259137686738173,-0.029779341657208445,0.8953379494436852,0.3577060163457768,0.9812701600411018,False
sdi_mean,NINO34_DJF,24,0.12539591381958698,0.5557988241244858,-0.05635657120785516,0.8032806900260722,0.06903934261173182,0.9719783445134552,False
sdi_mean,DMI_DJF,24,-0.3752884307786343,0.0770814041648977,-0.4537869492618483,0.03389712171127691,-0.07849851848321404,0.9467485148568299,False
sdi_mean,AMO_DJF,23,-0.021987638036912588,0.9206061759732387,0.20131789297791003,0.38153434447499246,-0.17933025494099744,0.9719783445134552,False
sdi_mean,NCP_DJF,24,0.5452277267978477,0.004290190834487439,0.1469769047500681,0.5139487404449552,0.3982508220477796,0.9719783445134552,False
sdi_mean,MOI_DJF,24,0.5597327163637209,0.0042682743950704285,0.2631104397606121,0.23679010556182947,0.2966222766031088,0.9476057848447951,False
sdi_mean,NAO_SON,24,-0.19339160552995122,0.33776524126067453,-0.49376472552210493,0.019519216060013264,-0.3003731199921537,0.8030763178976886,False
sdi_mean,EA_SON,24,-0.2630362752128584,0.2108535555343454,-0.008202242734098303,0.9711016130161291,0.2548340324787601,0.9917633494632807,False
sdi_mean,WP_SON,24,-0.020517388321798405,0.9212838501926037,0.08247107417633064,0.7152110890847354,-0.06195368585453223,0.9719783445134552,False
sdi_mean,EAWR_SON,24,0.5397807584732178,0.003922898009330943,0.16046192979501556,0.47563324697543174,0.37931882867820227,0.9719783445134552,False
sdi_mean,SCAND_SON,24,-0.06829528905748733,0.7452642920210932,0.07141198324948765,0.7521516800287129,-0.0031166941920003216,0.9719783445134552,False
sdi_mean,POL_SON,24,0.15909942572135272,0.4899732247217853,0.15229964788043424,0.49865046671619073,0.006799777840918481,0.9719783445134552,False
sdi_mean,AO_SON,24,-0.1417417061341734,0.4625988269588299,-0.22309259201514497,0.3182948505835055,-0.08135088588097159,0.9719783445134552,False
sdi_mean,NINO34_SON,24,0.1686576328299133,0.4256315145171059,0.0550011720289952,0.8079254054362297,0.1136564608009181,0.9719783445134552,False
sdi_mean,DMI_SON,24,0.14160253422709623,0.5008266622085059,-0.026055939630362332,0.9083671129005016,0.1155465945967339,0.9812701600411018,False
sdi_mean,AMO_SON,23,-0.18834136481524966,0.39674180347262145,0.02264597254609607,0.9223814927147149,0.16569539226915359,0.9838735922290293,False
sdi_mean,NCP_SON,24,0.363773652392649,0.06853856048737676,-0.28702234459657094,0.19527707627850624,0.07675130779607808,0.9476057848447951,False
sdi_mean,MOI_SON,24,-0.1483583538715374,0.44556385184905367,-0.09178740007917588,0.684558824270409,0.05657095379236152,0.9719783445134552,False
scv_mean,NAO_ONDJFM,24,0.049442472673576876,0.8217663963325057,-0.26238484703641857,0.23813322987930105,-0.2129423743628417,0.9476057848447951,False
scv_mean,EA_ONDJFM,24,-0.20085392921295822,0.3499890406543009,-0.04789340439480634,0.8323814847144274,0.15296052481815187,0.9719783445134552,False
scv_mean,WP_ONDJFM,24,-0.3823349455175749,0.07702316512785663,-0.20691690202415738,0.35552342698988015,0.17541804349341752,0.9719783445134552,False
scv_mean,EAWR_ONDJFM,24,0.3655695899031063,0.08667446851090255,0.268969651881466,0.22612540277401638,0.0965999380216403,0.9476057848447951,False
scv_mean,SCAND_ONDJFM,24,-0.07861306735147927,0.7015765259669892,0.11670137705100743,0.6050169371261086,-0.03808830969952816,0.9719783445134552,False
scv_mean,POL_ONDJFM,24,0.2742014640231083,0.18703619288271656,-0.0121923790455336,0.957053929142793,0.2620090849775747,0.9853611305345166,False
scv_mean,AO_ONDJFM,24,0.14754614706724653,0.48003520702081137,-0.27778829051982856,0.21067894480529648,-0.13024214345258203,0.9476057848447951,False
scv_mean,NINO34_ONDJFM,24,0.016487665237948923,0.9388268956772632,0.1087426166406465,0.6300131932409123,-0.09225495140269757,0.9719783445134552,False
scv_mean,DMI_ONDJFM,24,-0.36260351776444594,0.08640672193103716,-0.402904119566594,0.06300223474572969,-0.04030060180214806,0.9467485148568299,False
scv_mean,AMO_ONDJFM,23,-0.05918274358947355,0.7889186183537304,0.0923733650306724,0.6904527086976735,-0.033190621441198845,0.9719783445134552,False
scv_mean,NCP_ONDJFM,24,0.5677615376171118,0.0029445141282940512,0.09354063715666842,0.6788419138011127,0.47422090046044335,0.9719783445134552,False
scv_mean,MOI_ONDJFM,24,0.38838913707970646,0.05916426706297141,0.04029764020565609,0.8586826159251623,0.3480914968740504,0.9736243834112076,False
scv_mean,NAO_DJF,24,0.16772503940650707,0.44554502500782833,0.018054454644966272,0.9364393338077571,0.1496705847615408,0.9853611305345166,False
scv_mean,EA_DJF,24,-0.2355971365672017,0.2695869923650297,-0.16394249638062716,0.46598464387830574,0.07165464018657453,0.9719783445134552,False
scv_mean,WP_DJF,24,-0.2699792583763753,0.2151234386462662,-0.2461451079646439,0.2694936531252717,0.023834150411731425,0.9581996555565216,False
scv_mean,EAWR_DJF,24,0.5014549112258178,0.0123473497157061,0.25001838031911233,0.2617876378444872,0.2514365309067054,0.9476057848447951,False
scv_mean,SCAND_DJF,24,-0.18417551651439762,0.36914190393252744,-0.08917177029724935,0.69311880677975,0.09500374621714827,0.9719783445134552,False
scv_mean,POL_DJF,24,0.41842843380513783,0.036330459754085886,0.0675642626471164,0.7651326956851208,0.35086417115802143,0.9719783445134552,False
scv_mean,AO_DJF,24,0.3297211537587039,0.10776493465531056,-0.03842892679074694,0.8651765698058754,0.291292226967957,0.9771405964866358,False
scv_mean,NINO34_DJF,24,0.0173319167486048,0.9355778984753267,0.09956769687323776,0.6593203833997301,-0.08223578012463295,0.9719783445134552,False
scv_mean,DMI_DJF,24,-0.5632280409561744,0.0046958314773806725,-0.5573944048545189,0.007037630092479874,0.005833636101655548,0.6756124888780679,False
scv_mean,AMO_DJF,23,-0.027199167567877783,0.9019268420450346,0.11237565757138607,0.6276921016037195,-0.08517649000350828,0.9719783445134552,False
scv_mean,NCP_DJF,24,0.4860697182155512,0.013805548526133454,0.15243079408994087,0.4982763780367395,0.33363892412561036,0.9719783445134552,False
scv_mean,MOI_DJF,24,0.454114854904348,0.02537416202369736,0.18264800738070566,0.415893768026773,0.27146684752364236,0.9719783445134552,False
scv_mean,NAO_SON,24,-0.16768276583641073,0.4171644676915608,-0.3127665281357089,0.15641822142701842,-0.14508376229929815,0.9476057848447951,False
scv_mean,EA_SON,24,-0.2259757952534078,0.28609693877163883,0.04954734795863119,0.8266764332538727,0.1764284472947766,0.9719783445134552,False
scv_mean,WP_SON,24,0.10115880903262199,0.63020366884598,0.08886614853085785,0.6941213795411392,0.012292660501764141,0.9719783445134552,False
scv_mean,EAWR_SON,24,0.4982871308619691,0.01021777984087265,0.28236495166234843,0.20294715110091208,0.21592217919962065,0.9476057848447951,False
scv_mean,SCAND_SON,24,-0.025142031551320276,0.905766243509911,0.08479293206638404,0.70752990231337,-0.05965090051506376,0.9719783445134552,False
scv_mean,POL_SON,24,0.08570480565134904,0.7034228139694341,0.05181980986775787,0.8188516904542822,0.03388499578359117,0.9719783445134552,False
scv_mean,AO_SON,24,-0.13346660533942736,0.5067283340701334,-0.20206893065221015,0.36715453215657734,-0.06860232531278279,0.9719783445134552,False
scv_mean,NINO34_SON,24,0.052722031585925005,0.805397646032161,0.17953621124981398,0.42401660418113263,-0.12681417966388897,0.9719783445134552,False
scv_mean,DMI_SON,24,-0.014963718624140317,0.9439938615408049,-0.08589626005908815,0.7038894169152825,-0.07093254143494784,0.9719783445134552,False
scv_mean,AMO_SON,23,-0.14792773048698848,0.5027576386716157,-0.022725626962331824,0.922109276091035,0.12520210352465666,0.9838735922290293,False
scv_mean,NCP_SON,24,0.35471071249464703,0.08098263402137398,-0.06788440014636389,0.7640502738250009,0.28682631234828315,0.9719783445134552,False
scv_mean,MOI_SON,24,-0.11877262154682172,0.5570446092866366,-0.07107262883558786,0.7532940147135871,0.04769999271123386,0.9719783445134552,False
sca_centroid,NAO_ONDJFM,24,0.08935259446334337,0.6886433631484759,0.029583101987517606,0.8960240226908224,0.05976949247582576,0.9812701600411018,False
sca_centroid,EA_ONDJFM,24,-0.467712856411754,0.022968129906554606,-0.4173939735104081,0.0532670961397018,0.050318882901345896,0.9467485148568299,False
sca_centroid,WP_ONDJFM,24,0.3483485275443075,0.12425242031953325,0.4579623630233951,0.03208929193049883,-0.1096138354790876,0.9467485148568299,False
sca_centroid,EAWR_ONDJFM,24,0.31929684770377537,0.14751664156002978,0.4005644563873404,0.06469355045991787,-0.08126760868356503,0.9467485148568299,False
sca_centroid,SCAND_ONDJFM,24,-0.1324886425545207,0.49799179655182546,-0.07885565387617396,0.7272245613962467,0.05363298867834673,0.9719783445134552,False
sca_centroid,POL_ONDJFM,24,0.1019651480201132,0.6238592745698285,0.04142080113667191,0.8547837403976459,0.060544346883441284,0.9730344554724191,False
sca_centroid,AO_ONDJFM,24,0.17652210414445338,0.3853822574591622,0.06827849438121328,0.7627183799224801,0.1082436097632401,0.9719783445134552,False
sca_centroid,NINO34_ONDJFM,24,-0.28888763024570263,0.16795432262987037,-0.292298938686502,0.18682703462501318,-0.0034113084407993433,0.9476057848447951,False
sca_centroid,DMI_ONDJFM,24,0.14626511359258054,0.5081223704765796,0.3160498818592776,0.1518839020711608,-0.16978476826669708,0.9476057848447951,False
sca_centroid,AMO_ONDJFM,23,0.11146002627098273,0.6158061741429942,0.1605186566329281,0.48700863981182785,-0.04905863036194538,0.9719783445134552,False
sca_centroid,NCP_ONDJFM,24,0.20227558801853399,0.31775554187699495,0.09501274247998524,0.6740548287348045,0.10726284553854874,0.9719783445134552,False
sca_centroid,MOI_ONDJFM,24,0.25716830967134824,0.2196190327237763,0.201039478685487,0.3696521952513405,0.056128830985861244,0.9719783445134552,False
sca_centroid,NAO_DJF,24,0.0691870322406776,0.7603370808505836,0.03345561951477244,0.8824991820547449,0.03573141272590516,0.9812701600411018,False
sca_centroid,EA_DJF,24,-0.4435016260541156,0.03119138636529268,-0.39913138878744125,0.06574642464283541,0.04437023726667433,0.9467485148568299,False
sca_centroid,WP_DJF,24,0.2710473165093862,0.22586121065894793,0.3487697674743041,0.11165327486176756,-0.07772245096491792,0.9476057848447951,False
sca_centroid,EAWR_DJF,24,0.2901912790377916,0.16709516462283622,0.27339169035073513,0.21828934788838844,0.0167995886870565,0.9476057848447951,False
sca_centroid,SCAND_DJF,24,-0.09606635846051453,0.6283879569579547,-0.07620388354946885,0.7360756603089578,0.01986247491104569,0.9719783445134552,False
sca_centroid,POL_DJF,24,0.17706476192531384,0.3819509634230879,0.12507542829470386,0.57917030067617,0.05198933363060998,0.9719783445134552,False
sca_centroid,AO_DJF,24,0.16033872170622432,0.4348379555891828,0.05219149917687962,0.8175734191208701,0.1081472225293447,0.9719783445134552,False
sca_centroid,NINO34_DJF,24,-0.26384994912625215,0.207920177118797,-0.24344655887222563,0.2749464778389474,0.020403390254026516,0.96566567826362,False
sca_centroid,DMI_DJF,24,0.14050140384173576,0.5236089445459899,0.3630630163989068,0.09676526603113896,-0.22256161255717105,0.9476057848447951,False
sca_centroid,AMO_DJF,23,0.14898676724131493,0.4968795470910857,0.20398649741512126,0.37512099047116376,-0.05499973017380633,0.9719783445134552,False
sca_centroid,NCP_DJF,24,0.21824510239302086,0.28479941560212046,0.13535622598027447,0.5481114014452687,0.08288887641274639,0.9719783445134552,False
sca_centroid,MOI_DJF,24,0.3310446887110534,0.11202659056664274,0.3060938980955142,0.16592309164053948,0.02495079061553923,0.9476057848447951,False
sca_centroid,NAO_SON,24,-0.02625302343704014,0.8962538202787551,-0.04167527148207741,0.8539008380005296,-0.015422248045037272,0.9730344554724191,False
sca_centroid,EA_SON,24,-0.0418094394888943,0.8448162703248305,0.07527658937050338,0.739178497954406,-0.033467149881609086,0.9719783445134552,False
sca_centroid,WP_SON,24,0.1818144240657299,0.3736534551021935,0.11132820873181243,0.6218478788421073,0.07048621533391747,0.9719783445134552,False
sca_centroid,EAWR_SON,24,0.07403561336264743,0.7125081003001011,0.02753103781713092,0.9032024513243823,0.046504575545516506,0.9812701600411018,False
sca_centroid,SCAND_SON,24,-0.08153438314377039,0.6965680641721983,-0.06248675155577215,0.7823557274917874,0.019047631587998236,0.9719783445134552,False
sca_centroid,POL_SON,24,0.01717518936190683,0.9418355062601331,0.01739674136648852,0.9387505300601675,-0.00022155200458168905,0.9853611305345166,False
sca_centroid,AO_SON,24,0.10042495080748758,0.5959330913626641,0.07837345968238371,0.7288315735289332,0.022051491125103864,0.9719783445134552,False
sca_centroid,NINO34_SON,24,-0.33019977028844544,0.11022149471061955,-0.3708118333787408,0.08933413081833526,-0.04061206309029536,0.9476057848447951,False
sca_centroid,DMI_SON,24,0.08481376935760998,0.686586606735299,0.1777109319047473,0.4288207221557704,-0.09289716254713731,0.9719783445134552,False
sca_centroid,AMO_SON,23,0.06457662552830461,0.7749395554417551,0.0808273391901305,0.727624352866385,-0.0162507136618259,0.9719783445134552,False
sca_centroid,NCP_SON,24,0.019475547764156678,0.9243646824551508,-0.10609264985946,0.6384253008215746,-0.08661710209530332,0.9719783445134552,False
sca_centroid,MOI_SON,24,-0.11933755359496652,0.532315787322994,-0.11660681804145251,0.6053114991196721,0.0027307355535140104,0.9719783445134552,False
melt_rate_feb_mar,NAO_ONDJFM,24,-0.2669635919740504,0.18944940280722267,-0.2029139839648224,0.3651115303182424,0.06404960800922799,0.9719783445134552,False
melt_rate_feb_mar,EA_ONDJFM,24,0.061775389644902146,0.7709647971466047,0.13157103544571996,0.5594579158393214,-0.06979564580081782,0.9719783445134552,False
melt_rate_feb_mar,WP_ONDJFM,24,0.009402206376563138,0.9619250764430817,-0.10725291607058006,0.6347367644314343,-0.09785070969401692,0.9719783445134552,False
melt_rate_feb_mar,EAWR_ONDJFM,24,-0.0537750128367089,0.7921421719923112,0.1861723515294289,0.40679734882512986,-0.13239733869272,0.9719783445134552,False
melt_rate_feb_mar,SCAND_ONDJFM,24,-0.07877206341134652,0.7425216427753968,-0.1242778080904766,0.5816114277414455,-0.045505744679130086,0.9719783445134552,False
melt_rate_feb_mar,POL_ONDJFM,24,-0.2821815658721472,0.19855367925730144,-0.17588483277165456,0.4336560692674668,0.10629673310049265,0.9719783445134552,False
melt_rate_feb_mar,AO_ONDJFM,24,-0.25003916155165873,0.26603362097978217,-0.22233727492859984,0.3199787175384292,0.02770188662305889,0.9719783445134552,False
melt_rate_feb_mar,NINO34_ONDJFM,24,-0.072840576231248,0.7372032400619626,0.2765546945054672,0.2127961461693289,-0.2037141182742192,0.9476057848447951,False
melt_rate_feb_mar,DMI_ONDJFM,24,-0.33994848033675007,0.09276447615335265,-0.3005056666252057,0.17418579947422205,0.039442813711544344,0.9476057848447951,False
melt_rate_feb_mar,AMO_ONDJFM,23,0.6571478212342801,0.0005753643105223255,0.650078729915678,0.0014221488798441346,0.0070690913186020055,0.2047894386975554,False
melt_rate_feb_mar,NCP_ONDJFM,24,-0.1877041945296016,0.4081284130798546,0.03709019023367746,0.869833999592498,0.15061400429592414,0.9784968283367961,False
melt_rate_feb_mar,MOI_ONDJFM,24,-0.08467787229065514,0.6978776868945278,0.09198194424050443,0.6839236296613354,-0.007304071949849292,0.9719783445134552,False
melt_rate_feb_mar,NAO_DJF,24,-0.1395835509139899,0.49075003103136583,-0.07590208697565612,0.7370850745349802,0.0636814639383338,0.9719783445134552,False
melt_rate_feb_mar,EA_DJF,24,0.06069152005735823,0.7763424979503903,0.11906862603157302,0.5976621152433028,-0.05837710597421479,0.9719783445134552,False
melt_rate_feb_mar,WP_DJF,24,0.010015069802062793,0.9605645814836101,0.030295097025429294,0.8935351633728335,-0.0202800272233665,0.9812701600411018,False
melt_rate_feb_mar,EAWR_DJF,24,0.21588138740412852,0.31337735393915533,0.5270360963656269,0.011725374186032653,-0.3111547089614983,0.7908610865290822,False
melt_rate_feb_mar,SCAND_DJF,24,-0.1503198290749295,0.5226990235714137,-0.23789683193918215,0.2863773204296363,-0.08757700286425266,0.9703137445145326,False
melt_rate_feb_mar,POL_DJF,24,-0.24623350002820238,0.27588747683796366,-0.06614968206588615,0.7699205999183045,0.18008381796231623,0.9719783445134552,False
melt_rate_feb_mar,AO_DJF,24,-0.1474941009139907,0.5122777596556487,-0.05796479309154615,0.7977779120876582,0.08952930782244456,0.9719783445134552,False
melt_rate_feb_mar,NINO34_DJF,24,-0.058895880615422364,0.7871156269142279,0.2844092697483273,0.19955591294994818,-0.22551338913290495,0.9476057848447951,False
melt_rate_feb_mar,DMI_DJF,24,-0.2480584195404289,0.22867962912991566,-0.2561881829649671,0.24980567596648842,-0.008129763424538194,0.9476057848447951,False
melt_rate_feb_mar,AMO_DJF,23,0.6477705268441479,0.0008483868205215935,0.6567683733214132,0.001219935733186593,-0.008997846477265314,0.2047894386975554,False
melt_rate_feb_mar,NCP_DJF,24,0.11494106273379347,0.610582841675273,0.3503280114905246,0.1099538782741853,-0.23538694875673116,0.9476057848447951,False
melt_rate_feb_mar,MOI_DJF,24,-0.07714259762831893,0.7218501988425294,0.11086292133443748,0.6233141296009854,-0.03372032370611855,0.9719783445134552,False
melt_rate_feb_mar,NAO_SON,24,-0.26304709023178086,0.2508364856223659,-0.25885554364479924,0.24473689359710726,0.00419154658698162,0.9476057848447951,False
melt_rate_feb_mar,EA_SON,24,-0.028973324848257265,0.8941740033912658,-0.06880071491722771,0.7609544649164409,-0.039827390068970445,0.9719783445134552,False
melt_rate_feb_mar,WP_SON,24,0.1793512986591228,0.42576995601602086,0.05920570181322117,0.7935382667468985,0.12014559684590163,0.9719783445134552,False
melt_rate_feb_mar,EAWR_SON,24,-0.346684364572784,0.1252550469761292,-0.18103875350570925,0.4200838274504328,0.16564561106707476,0.9719783445134552,False
melt_rate_feb_mar,SCAND_SON,24,0.14628254393648243,0.5093420125212507,0.11871075800799648,0.5987715697266736,0.027571785928485956,0.9719783445134552,False
melt_rate_feb_mar,POL_SON,24,-0.207942103720878,0.28263926048795696,-0.17640355967405555,0.43227957838288467,0.031538544046822464,0.9719783445134552,False
melt_rate_feb_mar,AO_SON,24,-0.24214957227975042,0.3253787064286423,-0.3102014791966911,0.1600258289876491,-0.06805190691694069,0.9476057848447951,False
melt_rate_feb_mar,NINO34_SON,24,-0.08940494009702402,0.6824102670963906,0.25051117398437894,0.260817389402454,-0.16110623388735493,0.9476057848447951,False
melt_rate_feb_mar,DMI_SON,24,-0.36119317031608056,0.09138379182833099,-0.2565416606706213,0.24913010388059273,0.10465150964545927,0.9476057848447951,False
melt_rate_feb_mar,AMO_SON,23,0.4828612563070174,0.016426506183698092,0.4268121605518714,0.05365593553732447,0.056049095755145995,0.9467485148568299,False
melt_rate_feb_mar,NCP_SON,24,-0.2592431180445619,0.24776094061454046,-0.12326830852462908,0.5847073602378947,0.13597480951993282,0.9719783445134552,False
melt_rate_feb_mar,MOI_SON,24,0.10296689109657732,0.6759366515870419,0.05870639015265287,0.7952435277184784,0.044260500943924454,0.9719783445134552,False
